Encounter_ID,Session_ID,Doctor_Specialty,Patient_Category,Start_Time,End_Time,Duration_Minutes,Turns_Count,Chief_Complaints,Prescribed_Medications,Diagnoses,SOAP_Subjective,SOAP_Assessment,SOAP_Plan
Session_Full_20260912_142552_b2fdf1_ENC_01,Session_Full_20260912_142552_b2fdf1,متخصص اطفال (Pediatrics),نوزاد / شیرخوار (زیر ۱ سال),00:00:00,00:06:06,6.1,33,"تب, سرفه و تنفسی, آبریزش و احتقان, مشکلات گوارشی, مشکلات ادراری, مشکلات پوستی, پایش رشد و نوزاد","استامینوفن, دیفن‌هیدرامین",عفونت مجاری ادراری (UTI) | ریفلاکس معده به مری نوزادی (GERD) | عفونت تنفسی / برونشیولیت (Bronchiolitis / RTI) | برفک دهان / آفت نوزادی (Oral Thrush),"شکایت اصلی: تب, سرفه و تنفسی, آبریزش و احتقان, مشکلات گوارشی, مشکلات ادراری, مشکلات پوستی, پایش رشد و نوزاد. اظهارات: بعد از دیشب تب می‌کند.",عفونت مجاری ادراری (UTI) | ریفلاکس معده به مری نوزادی (GERD) | عفونت تنفسی / برونشیولیت (Bronchiolitis / RTI) | برفک دهان / آفت نوزادی (Oral Thrush),نسخه درمانی: استامینوفن (قطره خوراکی / شربت) - طبق دستور پزشک | دیفن‌هیدرامین (شربت خوراکی) - طبق دستور پزشک | پیگیری در صورت عدم بهبود علائم
Session_Full_20260912_142552_b2fdf1_ENC_02,Session_Full_20260912_142552_b2fdf1,متخصص اطفال (Pediatrics),کودک / خردسال (۱ تا ۱۲ سال),00:15:00,00:36:33,21.55,127,"آبریزش و احتقان, مشکلات گوارشی, مشکلات ادراری, پایش رشد و نوزاد","آزیترومایسین, اسپری سدیم کلراید, قطره پدی‌لاکت",عفونت تنفسی / برونشیولیت (Bronchiolitis / RTI) | بررسی آزمایشگاهی آنزیم‌های کبد و پلاکت,"شکایت اصلی: آبریزش و احتقان, مشکلات گوارشی, مشکلات ادراری, پایش رشد و نوزاد. اظهارات: بیمار در مطب پزشکی، معاینه بیمار در مطب پزشکی، داروها، آزمایش و نسخه.",عفونت تنفسی / برونشیولیت (Bronchiolitis / RTI) | بررسی آزمایشگاهی آنزیم‌های کبد و پلاکت,نسخه درمانی: آزیترومایسین (سوسپانسیون خوراکی (۱۰۰/۲۰۰mg)) - هر هشت ساعت یک قاشق | اسپری سدیم کلراید (اسپری / قطره رینوسالتین) - هر هشت ساعت یک قاشق | قطره پدی‌لاکت (قطره خوراکی پروبیوتیک) - هر هشت ساعت یک قاشق | پیگیری در صورت عدم بهبود علائم
Session_Full_20260912_150315_7d1e7f_ENC_01,Session_Full_20260912_150315_7d1e7f,متخصص اطفال (Pediatrics),نوزاد / شیرخوار (زیر ۱ سال),00:00:00,00:08:32,8.53,53,"تب, سرفه و تنفسی, آبریزش و احتقان, پایش رشد و نوزاد, بی‌قراری و خواب","قطره موضعی / خوراکی, شیاف اطفال",عفونت تنفسی / برونشیولیت (Bronchiolitis / RTI),"شکایت اصلی: تب, سرفه و تنفسی, آبریزش و احتقان, پایش رشد و نوزاد, بی‌قراری و خواب. اظهارات: باید پرونده بیمار رو بررسی کنیم.",عفونت تنفسی / برونشیولیت (Bronchiolitis / RTI),نسخه درمانی: قطره موضعی / خوراکی (قطره) - طبق دستور پزشک | شیاف اطفال (شیاف مقعدی) - در زمان تب بالا هر ۶ ساعت | پیگیری در صورت عدم بهبود علائم
Session_Full_20260912_150315_7d1e7f_ENC_02,Session_Full_20260912_150315_7d1e7f,متخصص اطفال (Pediatrics),کودک / خردسال (۱ تا ۱۲ سال),00:21:25,00:25:11,3.77,39,"تب, سرفه و تنفسی, آبریزش و احتقان",آزیترومایسین,عفونت تنفسی / برونشیولیت (Bronchiolitis / RTI),"شکایت اصلی: تب, سرفه و تنفسی, آبریزش و احتقان. اظهارات: بچه زیاد نیاز بزن",عفونت تنفسی / برونشیولیت (Bronchiolitis / RTI),نسخه درمانی: آزیترومایسین (سوسپانسیون خوراکی (۱۰۰/۲۰۰mg)) - روزی سه بار | پیگیری در صورت عدم بهبود علائم
Session_Full_20260912_150315_7d1e7f_ENC_03,Session_Full_20260912_150315_7d1e7f,متخصص اطفال (Pediatrics),نوزاد / شیرخوار (زیر ۱ سال),00:29:14,00:34:09,4.92,55,"سرفه و تنفسی, مشکلات گوارشی","شربت خوراکی اطفال, قطره موضعی / خوراکی",ریفلاکس معده به مری نوزادی (GERD) | عفونت تنفسی / برونشیولیت (Bronchiolitis / RTI),"شکایت اصلی: سرفه و تنفسی, مشکلات گوارشی. اظهارات: سلام، بفرمایید، سلامت باشید.",ریفلاکس معده به مری نوزادی (GERD) | عفونت تنفسی / برونشیولیت (Bronchiolitis / RTI),نسخه درمانی: شربت خوراکی اطفال (شربت خوراکی) - سر ساعت | قطره موضعی / خوراکی (قطره) - سر ساعت | پیگیری در صورت عدم بهبود علائم
Session_Full_20260912_150315_7d1e7f_ENC_04,Session_Full_20260912_150315_7d1e7f,متخصص اطفال (Pediatrics),کودک / خردسال (۱ تا ۱۲ سال),03:11:30,03:18:02,6.53,18,,,معاینه عمومی و پایش علائم بالینی,شکایت اصلی: پایش عمومی. اظهارات: [حذف نویز و موسیقی پس‌زمینه],معاینه عمومی و پایش علائم بالینی,نسخه درمانی: توصیه‌های مراقبت بالینی عمومی | پیگیری در صورت عدم بهبود علائم
Session_Full_20260912_150315_7d1e7f_ENC_05,Session_Full_20260912_150315_7d1e7f,متخصص اطفال (Pediatrics),نوزاد / شیرخوار (زیر ۱ سال),03:56:16,04:27:15,30.99,290,"تب, سرفه و تنفسی, مشکلات گوارشی, پایش رشد و نوزاد, بی‌قراری و خواب","ایبوپروفن, قطره دایمتیکون",ریفلاکس معده به مری نوزادی (GERD) | عفونت تنفسی / برونشیولیت (Bronchiolitis / RTI),"شکایت اصلی: تب, سرفه و تنفسی, مشکلات گوارشی, پایش رشد و نوزاد, بی‌قراری و خواب. اظهارات: آره، حساسیت کلیه پوشانده.",ریفلاکس معده به مری نوزادی (GERD) | عفونت تنفسی / برونشیولیت (Bronchiolitis / RTI),نسخه درمانی: ایبوپروفن (شربت سوسپانسیون (۱۰۰mg/5ml)) - هر هشت ساعت | قطره دایمتیکون (قطره خوراکی ضد نفخ) - هر هشت ساعت | پیگیری در صورت عدم بهبود علائم
Session_Full_20260912_150315_7d1e7f_ENC_06,Session_Full_20260912_150315_7d1e7f,متخصص اطفال (Pediatrics),نوزاد / شیرخوار (زیر ۱ سال),04:28:11,04:41:29,13.31,69,"سرفه و تنفسی, درد بالینی, مشکلات گوارشی, پایش رشد و نوزاد",قطره دایمتیکون,عفونت تنفسی / برونشیولیت (Bronchiolitis / RTI),"شکایت اصلی: سرفه و تنفسی, درد بالینی, مشکلات گوارشی, پایش رشد و نوزاد. اظهارات: سلام آقای دکتر.",عفونت تنفسی / برونشیولیت (Bronchiolitis / RTI),نسخه درمانی: قطره دایمتیکون (قطره خوراکی ضد نفخ) - یک قاشق | پیگیری در صورت عدم بهبود علائم
Session_Full_20260912_150315_7d1e7f_ENC_07,Session_Full_20260912_150315_7d1e7f,متخصص اطفال (Pediatrics),نوزاد / شیرخوار (زیر ۱ سال),04:41:54,04:50:29,8.6,28,"سرفه و تنفسی, پایش رشد و نوزاد",مترونیدازول,عفونت تنفسی / برونشیولیت (Bronchiolitis / RTI),"شکایت اصلی: سرفه و تنفسی, پایش رشد و نوزاد. اظهارات: این کتش هم برده بسیار سال‌ها نداریم.",عفونت تنفسی / برونشیولیت (Bronchiolitis / RTI),نسخه درمانی: مترونیدازول (سوسپانسیون خوراکی) - روزی سه بار | پیگیری در صورت عدم بهبود علائم
Session_Full_20260912_150315_7d1e7f_ENC_08,Session_Full_20260912_150315_7d1e7f,متخصص اطفال (Pediatrics),نوزاد / شیرخوار (زیر ۱ سال),04:57:30,05:11:38,14.13,104,"تب, سرفه و تنفسی, مشکلات گوارشی, مشکلات پوستی, پایش رشد و نوزاد",پماد کالاندولا,عفونت تنفسی / برونشیولیت (Bronchiolitis / RTI),"شکایت اصلی: تب, سرفه و تنفسی, مشکلات گوارشی, مشکلات پوستی, پایش رشد و نوزاد. اظهارات: بخوند سلام در حال شما بوده.",عفونت تنفسی / برونشیولیت (Bronchiolitis / RTI),نسخه درمانی: پماد کالاندولا (پماد موضعی گیاهی) - روزی ۳ بار | پیگیری در صورت عدم بهبود علائم
Session_Full_20260912_150315_7d1e7f_ENC_09,Session_Full_20260912_150315_7d1e7f,متخصص اطفال (Pediatrics),نوزاد / شیرخوار (زیر ۱ سال),05:11:58,05:17:16,5.3,71,"تب, سرفه و تنفسی, مشکلات ادراری",آزیترومایسین,عفونت تنفسی / برونشیولیت (Bronchiolitis / RTI),"شکایت اصلی: تب, سرفه و تنفسی, مشکلات ادراری. اظهارات: سلام جای شما خوبه؟ سلام.",عفونت تنفسی / برونشیولیت (Bronchiolitis / RTI),نسخه درمانی: آزیترومایسین (سوسپانسیون خوراکی (۱۰۰/۲۰۰mg)) - سه قطره | پیگیری در صورت عدم بهبود علائم
Session_Full_20260912_162432_dead0f_ENC_01,Session_Full_20260912_162432_dead0f,متخصص اطفال (Pediatrics),نوزاد / شیرخوار (زیر ۱ سال),01:25:30,01:38:13,12.73,43,"مشکلات گوارشی, مشکلات ادراری, پایش رشد و نوزاد, بی‌قراری و خواب","شربت خوراکی اطفال, قطره موضعی / خوراکی",معاینه عمومی و پایش علائم بالینی,"شکایت اصلی: مشکلات گوارشی, مشکلات ادراری, پایش رشد و نوزاد, بی‌قراری و خواب. اظهارات: پردنم چون آخونش خوریدم دستگاه هم نداشته بوده اوه چنین دستگاه رو پس سریع‌تر بیاری؟",معاینه عمومی و پایش علائم بالینی,نسخه درمانی: شربت خوراکی اطفال (شربت خوراکی) - روزی سه بار | قطره موضعی / خوراکی (قطره) - روزی سه بار | پیگیری در صورت عدم بهبود علائم
Session_Full_20260912_162432_dead0f_ENC_02,Session_Full_20260912_162432_dead0f,متخصص اطفال (Pediatrics),نوزاد / شیرخوار (زیر ۱ سال),01:49:15,01:56:43,7.47,39,"تب, مشکلات گوارشی, پایش رشد و نوزاد",,معاینه عمومی و پایش علائم بالینی,"شکایت اصلی: تب, مشکلات گوارشی, پایش رشد و نوزاد. اظهارات: بخوایید خوش کنید خوب.",معاینه عمومی و پایش علائم بالینی,نسخه درمانی: توصیه‌های مراقبت بالینی عمومی | پیگیری در صورت عدم بهبود علائم
Session_Full_20260912_162432_dead0f_ENC_03,Session_Full_20260912_162432_dead0f,متخصص اطفال (Pediatrics),کودک / خردسال (۱ تا ۱۲ سال),02:04:10,02:11:22,7.2,83,"تب, سرفه و تنفسی, مشکلات گوارشی, مشکلات پوستی",ایبوپروفن,عفونت تنفسی / برونشیولیت (Bronchiolitis / RTI),"شکایت اصلی: تب, سرفه و تنفسی, مشکلات گوارشی, مشکلات پوستی. اظهارات: ببینید می‌خوام این‌طور بره بیاد ببینید این قطره‌اش هشت ساعت، هشت قطره...",عفونت تنفسی / برونشیولیت (Bronchiolitis / RTI),نسخه درمانی: ایبوپروفن (شربت سوسپانسیون (۱۰۰mg/5ml)) - ۱۵ قطره | پیگیری در صورت عدم بهبود علائم
Session_Full_20260912_162432_dead0f_ENC_04,Session_Full_20260912_162432_dead0f,متخصص اطفال (Pediatrics),کودک / خردسال (۱ تا ۱۲ سال),02:20:00,02:32:27,12.47,65,"تب, سرفه و تنفسی, آبریزش و احتقان","شیاف دیکلوفناک, شربت پلارژین کیدز, کتوتیفن",عفونت ویروسی حاد (Viral Infection) | عفونت تنفسی / برونشیولیت (Bronchiolitis / RTI),"شکایت اصلی: تب, سرفه و تنفسی, آبریزش و احتقان. اظهارات: پاره ۱۱، اون شهر این ساله.",عفونت ویروسی حاد (Viral Infection) | عفونت تنفسی / برونشیولیت (Bronchiolitis / RTI),نسخه درمانی: شیاف دیکلوفناک (شیاف (۵۰mg / ۱۰۰mg)) - هر چهار ساعت | شربت پلارژین کیدز (شربت عصاره پلارگونیوم) - هر چهار ساعت | کتوتیفن (شربت خوراکی) - هر چهار ساعت | پیگیری در صورت عدم بهبود علائم
Session_Full_20260912_162432_dead0f_ENC_05,Session_Full_20260912_162432_dead0f,متخصص اطفال (Pediatrics),کودک / خردسال (۱ تا ۱۲ سال),02:33:48,02:39:50,6.03,47,تب,شربت خوراکی اطفال,معاینه عمومی و پایش علائم بالینی,شکایت اصلی: تب. اظهارات: اون تربت میدونه میشه بودیم,معاینه عمومی و پایش علائم بالینی,نسخه درمانی: شربت خوراکی اطفال (شربت خوراکی) - طبق دستور پزشک | پیگیری در صورت عدم بهبود علائم
Session_Full_20260912_162432_dead0f_ENC_06,Session_Full_20260912_162432_dead0f,متخصص اطفال (Pediatrics),نوزاد / شیرخوار (زیر ۱ سال),02:48:20,03:00:02,11.7,114,"مشکلات گوارشی, پایش رشد و نوزاد","سفالکسین, قطره آهن (فروس سولفات)",عفونت تنفسی / برونشیولیت (Bronchiolitis / RTI),"شکایت اصلی: مشکلات گوارشی, پایش رشد و نوزاد. اظهارات: گفتم این هفته سرما خورده بود و خوب شده بود، از اون هفته اول هفته، اون یه هفته داره می‌بینه ودش شده، اینجا غذا نمی‌خورند.",عفونت تنفسی / برونشیولیت (Bronchiolitis / RTI),نسخه درمانی: سفالکسین (سوسپانسیون خوراکی (۱۲۵/۲۵۰mg)) - سر ساعت | قطره آهن (فروس سولفات) (قطره خوراکی آهن) - سر ساعت | پیگیری در صورت عدم بهبود علائم
Session_Full_20260912_162432_dead0f_ENC_07,Session_Full_20260912_162432_dead0f,متخصص اطفال (Pediatrics),نوزاد / شیرخوار (زیر ۱ سال),03:05:00,03:26:04,21.08,119,"تب, سرفه و تنفسی, مشکلات گوارشی, پایش رشد و نوزاد",ایبوپروفن,اوتیت میانی / التهاب گوش (Otitis),"شکایت اصلی: تب, سرفه و تنفسی, مشکلات گوارشی, پایش رشد و نوزاد. اظهارات: تا یه هفته بزن.",اوتیت میانی / التهاب گوش (Otitis),نسخه درمانی: ایبوپروفن (شربت سوسپانسیون (۱۰۰mg/5ml)) - روزی سه بار | پیگیری در صورت عدم بهبود علائم
Session_Full_20260912_162432_dead0f_ENC_08,Session_Full_20260912_162432_dead0f,متخصص اطفال (Pediatrics),کودک / خردسال (۱ تا ۱۲ سال),03:26:50,03:30:30,3.65,14,"تب, سرفه و تنفسی, مشکلات گوارشی",قطره موضعی / خوراکی,عفونت تنفسی / برونشیولیت (Bronchiolitis / RTI),"شکایت اصلی: تب, سرفه و تنفسی, مشکلات گوارشی. اظهارات: اینش رو باز کردن",عفونت تنفسی / برونشیولیت (Bronchiolitis / RTI),نسخه درمانی: قطره موضعی / خوراکی (قطره) - طبق دستور پزشک | پیگیری در صورت عدم بهبود علائم
Session_Full_20260912_162432_dead0f_ENC_09,Session_Full_20260912_162432_dead0f,متخصص اطفال (Pediatrics),کودک / خردسال (۱ تا ۱۲ سال),03:31:26,03:35:59,4.57,11,"سرفه و تنفسی, آبریزش و احتقان, مشکلات گوارشی, پایش رشد و نوزاد",قطره موضعی / خوراکی,عفونت تنفسی / برونشیولیت (Bronchiolitis / RTI),"شکایت اصلی: سرفه و تنفسی, آبریزش و احتقان, مشکلات گوارشی, پایش رشد و نوزاد. اظهارات: داری؟",عفونت تنفسی / برونشیولیت (Bronchiolitis / RTI),نسخه درمانی: قطره موضعی / خوراکی (قطره) - طبق دستور پزشک | پیگیری در صورت عدم بهبود علائم
Session_Full_20260912_190544_1376e2_ENC_01,Session_Full_20260912_190544_1376e2,متخصص اطفال (Pediatrics),کودک / خردسال (۱ تا ۱۲ سال),01:43:16,01:46:54,3.63,46,"تب, سرفه و تنفسی, مشکلات ادراری, بی‌قراری و خواب",,عفونت ویروسی حاد (Viral Infection) | عفونت تنفسی / برونشیولیت (Bronchiolitis / RTI),"شکایت اصلی: تب, سرفه و تنفسی, مشکلات ادراری, بی‌قراری و خواب. اظهارات: مشکلی هست؟",عفونت ویروسی حاد (Viral Infection) | عفونت تنفسی / برونشیولیت (Bronchiolitis / RTI),نسخه درمانی: توصیه‌های مراقبت بالینی عمومی | پیگیری در صورت عدم بهبود علائم
Session_Full_20260912_190544_1376e2_ENC_02,Session_Full_20260912_190544_1376e2,متخصص اطفال (Pediatrics),نوزاد / شیرخوار (زیر ۱ سال),01:47:49,01:51:39,3.85,42,"تب, سرفه و تنفسی, مشکلات گوارشی, پایش رشد و نوزاد, بی‌قراری و خواب",پماد کالاندولا,عفونت تنفسی / برونشیولیت (Bronchiolitis / RTI),"شکایت اصلی: تب, سرفه و تنفسی, مشکلات گوارشی, پایش رشد و نوزاد, بی‌قراری و خواب. اظهارات: بفرمایید، سلام، حال شما چطوره؟ بفرمایید، سلامت باشید.",عفونت تنفسی / برونشیولیت (Bronchiolitis / RTI),نسخه درمانی: پماد کالاندولا (پماد موضعی گیاهی) - طبق دستور پزشک | پیگیری در صورت عدم بهبود علائم
Session_Full_20260912_190544_1376e2_ENC_03,Session_Full_20260912_190544_1376e2,متخصص اطفال (Pediatrics),نوزاد / شیرخوار (زیر ۱ سال),01:57:25,02:10:01,12.6,67,"سرفه و تنفسی, آبریزش و احتقان, مشکلات گوارشی, مشکلات پوستی, پایش رشد و نوزاد",استامینوفن,عفونت تنفسی / برونشیولیت (Bronchiolitis / RTI),"شکایت اصلی: سرفه و تنفسی, آبریزش و احتقان, مشکلات گوارشی, مشکلات پوستی, پایش رشد و نوزاد. اظهارات: بخورین، این شربت‌هاش روزی ۳ بار، قطره‌اش هم هر ۸ ساعت ۱۶ قطره.",عفونت تنفسی / برونشیولیت (Bronchiolitis / RTI),نسخه درمانی: استامینوفن (قطره خوراکی / شربت) - روزی ۳ بار | پیگیری در صورت عدم بهبود علائم
Session_Full_20260912_190544_1376e2_ENC_04,Session_Full_20260912_190544_1376e2,متخصص اطفال (Pediatrics),کودک / خردسال (۱ تا ۱۲ سال),02:10:25,02:15:33,5.15,80,"تب, سرفه و تنفسی, آبریزش و احتقان, مشکلات گوارشی","مترونیدازول, استامینوفن, ایبوپروفن",عفونت تنفسی / برونشیولیت (Bronchiolitis / RTI),"شکایت اصلی: تب, سرفه و تنفسی, آبریزش و احتقان, مشکلات گوارشی. اظهارات: سلام بخونم چند روز بخونیم؟",عفونت تنفسی / برونشیولیت (Bronchiolitis / RTI),نسخه درمانی: مترونیدازول (سوسپانسیون خوراکی) - روزی یک بار | استامینوفن (قطره خوراکی / شربت) - روزی یک بار | ایبوپروفن (شربت سوسپانسیون (۱۰۰mg/5ml)) - روزی یک بار | پیگیری در صورت عدم بهبود علائم
Session_Full_20260912_190544_1376e2_ENC_05,Session_Full_20260912_190544_1376e2,متخصص اطفال (Pediatrics),کودک / خردسال (۱ تا ۱۲ سال),02:23:29,02:27:17,3.81,49,"تب, سرفه و تنفسی, آبریزش و احتقان",استامینوفن,عفونت تنفسی / برونشیولیت (Bronchiolitis / RTI),"شکایت اصلی: تب, سرفه و تنفسی, آبریزش و احتقان. اظهارات: بفرماییم سلام بابا جان سلامت باشید، بفرماییم شروع گونه شما برگره بزنید کاغذتو من چیم داد؟ خامسمین کاغذ ندادید؟ این‌ها رو کاغذشونو خرید خامسمین خب چی شده بابا جان؟ سرما...",عفونت تنفسی / برونشیولیت (Bronchiolitis / RTI),نسخه درمانی: استامینوفن (قطره خوراکی / شربت) - طبق دستور پزشک | پیگیری در صورت عدم بهبود علائم
Session_Full_20260912_190544_1376e2_ENC_06,Session_Full_20260912_190544_1376e2,متخصص اطفال (Pediatrics),نوزاد / شیرخوار (زیر ۱ سال),02:49:52,02:56:20,6.46,59,"سرفه و تنفسی, آبریزش و احتقان, مشکلات پوستی, پایش رشد و نوزاد",قطره موضعی / خوراکی,عفونت تنفسی / برونشیولیت (Bronchiolitis / RTI) | اوتیت میانی / التهاب گوش (Otitis),"شکایت اصلی: سرفه و تنفسی, آبریزش و احتقان, مشکلات پوستی, پایش رشد و نوزاد. اظهارات: جورج برنامه سوی جمله داره خیلی جمعی جالبیه می‌گه آدم منطقی خودش رو با شرطش وقف بوده.",عفونت تنفسی / برونشیولیت (Bronchiolitis / RTI) | اوتیت میانی / التهاب گوش (Otitis),نسخه درمانی: قطره موضعی / خوراکی (قطره) - سه قطره | پیگیری در صورت عدم بهبود علائم
Session_Full_20260912_190544_1376e2_ENC_07,Session_Full_20260912_190544_1376e2,متخصص اطفال (Pediatrics),نوزاد / شیرخوار (زیر ۱ سال),02:57:44,03:04:13,6.49,59,"تب, مشکلات گوارشی, پایش رشد و نوزاد","شربت خوراکی اطفال, شیاف اطفال",معاینه عمومی و پایش علائم بالینی,"شکایت اصلی: تب, مشکلات گوارشی, پایش رشد و نوزاد. اظهارات: این نویسنده‌ها رو هرجا دیدی کتاب‌هاشون هم...",معاینه عمومی و پایش علائم بالینی,نسخه درمانی: شربت خوراکی اطفال (شربت خوراکی) - روزی دو بار | شیاف اطفال (شیاف مقعدی) - در زمان تب بالا هر ۶ ساعت | پیگیری در صورت عدم بهبود علائم
Session_Full_20260912_190544_1376e2_ENC_08,Session_Full_20260912_190544_1376e2,متخصص اطفال (Pediatrics),نوزاد / شیرخوار (زیر ۱ سال),03:40:30,03:45:26,4.93,70,"تب, سرفه و تنفسی, آبریزش و احتقان, پایش رشد و نوزاد","آزیترومایسین, شربت پلارژین کیدز",عفونت تنفسی / برونشیولیت (Bronchiolitis / RTI),"شکایت اصلی: تب, سرفه و تنفسی, آبریزش و احتقان, پایش رشد و نوزاد. اظهارات: سرفه‌های شدید.",عفونت تنفسی / برونشیولیت (Bronchiolitis / RTI),نسخه درمانی: آزیترومایسین (سوسپانسیون خوراکی (۱۰۰/۲۰۰mg)) - روزی دو بار | شربت پلارژین کیدز (شربت عصاره پلارگونیوم) - روزی دو بار | پیگیری در صورت عدم بهبود علائم
Session_Full_20260912_195052_accaf8_ENC_01,Session_Full_20260912_195052_accaf8,متخصص اطفال (Pediatrics),نوزاد / شیرخوار (زیر ۱ سال),00:00:00,00:06:56,6.93,66,,شربت خوراکی اطفال,معاینه عمومی و پایش علائم بالینی,شکایت اصلی: پایش عمومی. اظهارات: آقای دکتر، من یک چیز رو پیشم آوردم، دکتر هم همین مورد غذا کردن، این‌جور نفس می‌کشند. بر شما یک قرص داده بودند، بعد گفتید که این رو یک‌چهارم مصرف کنند، بعد اگر خوب نشد، ببرید رو هم تازه‌اش دهید. ولی آقایون باز گفتن که بیایند پیش شما گفتن که اگر می‌شی دوباره از اون قرص‌ها برم.,معاینه عمومی و پایش علائم بالینی,نسخه درمانی: شربت خوراکی اطفال (شربت خوراکی) - روزی دوبار | پیگیری در صورت عدم بهبود علائم
Session_Full_20260912_195052_accaf8_ENC_02,Session_Full_20260912_195052_accaf8,متخصص اطفال (Pediatrics),نوزاد / شیرخوار (زیر ۱ سال),00:08:38,00:19:26,10.8,111,"تب, مشکلات گوارشی, مشکلات ادراری, پایش رشد و نوزاد, بی‌قراری و خواب",قطره موضعی / خوراکی,اوتیت میانی / التهاب گوش (Otitis),"شکایت اصلی: تب, مشکلات گوارشی, مشکلات ادراری, پایش رشد و نوزاد, بی‌قراری و خواب. اظهارات: مشکل چی هست؟ زردی چه‌کار آوردیم؟",اوتیت میانی / التهاب گوش (Otitis),نسخه درمانی: قطره موضعی / خوراکی (قطره) - طبق دستور پزشک | پیگیری در صورت عدم بهبود علائم
Session_Full_20260912_195052_accaf8_ENC_03,Session_Full_20260912_195052_accaf8,متخصص اطفال (Pediatrics),کودک / خردسال (۱ تا ۱۲ سال),00:26:56,00:31:40,4.73,52,"تب, سرفه و تنفسی, درد بالینی, مشکلات پوستی",,عفونت تنفسی / برونشیولیت (Bronchiolitis / RTI),"شکایت اصلی: تب, سرفه و تنفسی, درد بالینی, مشکلات پوستی. اظهارات: اول یه آزمایش چکاپ...",عفونت تنفسی / برونشیولیت (Bronchiolitis / RTI),نسخه درمانی: توصیه‌های مراقبت بالینی عمومی | پیگیری در صورت عدم بهبود علائم
Session_Full_20260912_195052_accaf8_ENC_04,Session_Full_20260912_195052_accaf8,متخصص اطفال (Pediatrics),نوزاد / شیرخوار (زیر ۱ سال),00:32:39,00:40:13,7.57,43,"تب, پایش رشد و نوزاد",استامینوفن,عفونت ویروسی حاد (Viral Infection),"شکایت اصلی: تب, پایش رشد و نوزاد. اظهارات: آه، این حسین‌جوری خب دارو می‌گیرن با رسید دیلیتر رو بسیاری داره دیگه دارو خوب می‌خوره آنکولوژی نه نیست.",عفونت ویروسی حاد (Viral Infection),نسخه درمانی: استامینوفن (قطره خوراکی / شربت) - روزی دو بار | پیگیری در صورت عدم بهبود علائم
Session_Full_20260912_195052_accaf8_ENC_05,Session_Full_20260912_195052_accaf8,متخصص اطفال (Pediatrics),نوزاد / شیرخوار (زیر ۱ سال),00:40:50,00:46:26,5.6,69,"تب, پایش رشد و نوزاد",,معاینه عمومی و پایش علائم بالینی,"شکایت اصلی: تب, پایش رشد و نوزاد. اظهارات: ببخشید سلام، چی شده خانم؟",معاینه عمومی و پایش علائم بالینی,نسخه درمانی: توصیه‌های مراقبت بالینی عمومی | پیگیری در صورت عدم بهبود علائم
Session_Full_20260912_195052_accaf8_ENC_06,Session_Full_20260912_195052_accaf8,متخصص اطفال (Pediatrics),کودک / خردسال (۱ تا ۱۲ سال),00:47:16,01:51:04,63.8,7,,,معاینه عمومی و پایش علائم بالینی,شکایت اصلی: پایش عمومی. اظهارات: سلام، شکر می‌کنم.,معاینه عمومی و پایش علائم بالینی,نسخه درمانی: توصیه‌های مراقبت بالینی عمومی | پیگیری در صورت عدم بهبود علائم
Session_Full_20260912_195052_accaf8_ENC_07,Session_Full_20260912_195052_accaf8,متخصص اطفال (Pediatrics),کودک / خردسال (۱ تا ۱۲ سال),02:13:12,02:18:36,5.39,27,,,معاینه عمومی و پایش علائم بالینی,شکایت اصلی: پایش عمومی. اظهارات: اگه خواهر و برادرهایی رو ببینید که با وجود بزرگ شدن، تشکیل خانواده و مشغله‌های زندگی هنوز هم در کنار هم می‌مونند و همدیگه رو سرزنش نمی‌کنند و از موفقیت‌های همدیگه خوشحال می‌شن و به جای رقابت و تحقیر، پناه همدیگه هستند، بدونید این اتفاقی نیست. چنین روابطی معمولاً ریشه در سال‌های کودکی دارد، جایی که والدین در حس عشق، احترام به همدیگه و حس تعلق رو در دل فرزندانشون پرورش داده‌اند.,معاینه عمومی و پایش علائم بالینی,نسخه درمانی: توصیه‌های مراقبت بالینی عمومی | پیگیری در صورت عدم بهبود علائم
Session_Full_20260912_212858_ce15ff_ENC_01,Session_Full_20260912_212858_ce15ff,متخصص اطفال (Pediatrics),کودک / خردسال (۱ تا ۱۲ سال),00:32:56,00:45:46,12.84,40,"تب, درد بالینی",,معاینه عمومی و پایش علائم بالینی,"شکایت اصلی: تب, درد بالینی. اظهارات: اینجا باید بردارید که اینجا باید بردارید که اینجا باید بردارید...",معاینه عمومی و پایش علائم بالینی,نسخه درمانی: توصیه‌های مراقبت بالینی عمومی | پیگیری در صورت عدم بهبود علائم
Session_Full_20260912_212858_ce15ff_ENC_02,Session_Full_20260912_212858_ce15ff,متخصص اطفال (Pediatrics),نوزاد / شیرخوار (زیر ۱ سال),00:47:15,00:54:44,7.48,40,"تب, مشکلات گوارشی, پایش رشد و نوزاد","استامینوفن, ایبوپروفن",عفونت تنفسی / برونشیولیت (Bronchiolitis / RTI),"شکایت اصلی: تب, مشکلات گوارشی, پایش رشد و نوزاد. اظهارات: حدیثه نمیشه.",عفونت تنفسی / برونشیولیت (Bronchiolitis / RTI),نسخه درمانی: استامینوفن (قطره خوراکی / شربت) - طبق دستور پزشک | ایبوپروفن (شربت سوسپانسیون (۱۰۰mg/5ml)) - طبق دستور پزشک | پیگیری در صورت عدم بهبود علائم
Session_Full_20260912_212858_ce15ff_ENC_03,Session_Full_20260912_212858_ce15ff,متخصص اطفال (Pediatrics),کودک / خردسال (۱ تا ۱۲ سال),00:59:32,01:09:01,9.49,39,"تب, سرفه و تنفسی, مشکلات گوارشی",کتوتیفن,عفونت تنفسی / برونشیولیت (Bronchiolitis / RTI),"شکایت اصلی: تب, سرفه و تنفسی, مشکلات گوارشی. اظهارات: بیمار در مطب پزشکی، داروها، آزمایش و نسخه. این رو می‌بینیم، این گوشته، این راحت شد؛ خانم بیا خانم مادر.",عفونت تنفسی / برونشیولیت (Bronchiolitis / RTI),نسخه درمانی: کتوتیفن (شربت خوراکی) - طبق دستور پزشک | پیگیری در صورت عدم بهبود علائم
Session_Full_20260912_212858_ce15ff_ENC_04,Session_Full_20260912_212858_ce15ff,متخصص اطفال (Pediatrics),کودک / خردسال (۱ تا ۱۲ سال),01:10:00,01:17:20,7.34,11,پایش رشد و نوزاد,قطره موضعی / خوراکی,معاینه عمومی و پایش علائم بالینی,شکایت اصلی: پایش رشد و نوزاد. اظهارات: از اینجا، با اینجا، با اینجا... اینکه این کار را برای...,معاینه عمومی و پایش علائم بالینی,نسخه درمانی: قطره موضعی / خوراکی (قطره) - روزی سه بار | پیگیری در صورت عدم بهبود علائم
Session_Full_20260912_212858_ce15ff_ENC_05,Session_Full_20260912_212858_ce15ff,متخصص اطفال (Pediatrics),نوزاد / شیرخوار (زیر ۱ سال),01:58:49,02:05:02,6.22,19,"تب, پایش رشد و نوزاد",,معاینه عمومی و پایش علائم بالینی,"شکایت اصلی: تب, پایش رشد و نوزاد. اظهارات: دو نفر بزنمت بشن بفهم.",معاینه عمومی و پایش علائم بالینی,نسخه درمانی: توصیه‌های مراقبت بالینی عمومی | پیگیری در صورت عدم بهبود علائم
Session_Full_20260912_212858_ce15ff_ENC_06,Session_Full_20260912_212858_ce15ff,متخصص اطفال (Pediatrics),کودک / خردسال (۱ تا ۱۲ سال),02:33:51,02:45:31,11.65,35,,"ایبوپروفن, قطره دایمتیکون",معاینه عمومی و پایش علائم بالینی,شکایت اصلی: پایش عمومی. اظهارات: اخلاق قبول دارم. خوب؟ بعد گفتم که ببین الان اینایی که اینجا نماز می‌خندن شاید یه تعدادشون داشت صدای اذان و این چیزا بود. ببین یه بخششون ممکنه اصلاً برن دزدی کنند، کارهای خلاف کنند. اینا که دین نیستند که این، به صحبت اینایی که الان از مسجد می‌آن، اینا که دین واقعی نیستند که این‌ها یه آدمایی الان بگو گرفتن شاید برای ریا نفاق اومدن نماز می‌خونن شاید نفهمیدن خیلی چیزا رو خب، گفتم شما اجتهادت اینه که فکر می‌کنی دین یعنی یه نفری که تصویر دستش ریش گذاشته نماز میده گفتم این نیست، گفتم شما باید دین رو خوب مطلع کنید اصلاً نه قرآن رو خوندی که می‌گه من قرآن بخش ایده ها چیز کردم خب، خودم تو اصلاً قرآن رو خوندی؟ خب، گفت یک‌کم، خودم اون یک‌کمشم نخوندی، من مطمئنم نخوندی خب، اگه من می‌گم تو همین یک‌کم چقدر خوندی، همین یک‌کمش رو به من بگو نمی‌دونی خب، خودم یک‌چیزی الان مد شده، کرد همین حرفا رو اخلاق خیلی خوبه، دینم می‌گه آقا اخلاق‌مدار باش ولی دین می‌خواد تو رو به یک تعالی برسونه در نظر روحی، معنوی، شناختت به دنیا، معنای زندگی‌ت اینا رو همه رو شما در خلاف دین می‌توانید مفهوم بدید و دین واقعی، اینی که درست بفهمید نه هر دین و خرافات و بدعت و اینی که تو کوچه بازار و شیخ‌ها و اون دیگه مثلاً مددها می‌گن، خب؟ خودم نه، اون رو من قبول ندارم.,معاینه عمومی و پایش علائم بالینی,نسخه درمانی: ایبوپروفن (شربت سوسپانسیون (۱۰۰mg/5ml)) - طبق دستور پزشک | قطره دایمتیکون (قطره خوراکی ضد نفخ) - طبق دستور پزشک | پیگیری در صورت عدم بهبود علائم
Session_Full_20260912_223525_a655c4_ENC_01,Session_Full_20260912_223525_a655c4,متخصص اطفال (Pediatrics),کودک / خردسال (۱ تا ۱۲ سال),00:00:00,00:06:34,6.57,46,"تب, سرفه و تنفسی, آبریزش و احتقان, مشکلات پوستی","استامینوفن, شیاف استامینوفن, شیاف دیکلوفناک",عفونت تنفسی / برونشیولیت (Bronchiolitis / RTI),"شکایت اصلی: تب, سرفه و تنفسی, آبریزش و احتقان, مشکلات پوستی. اظهارات: برنامه بیمار، بیمار در مطب پزشکی، داروها، آزمایش و نسخه. خوش آمدید، خوب اون برگه رو بی زحمت بدیم.",عفونت تنفسی / برونشیولیت (Bronchiolitis / RTI),نسخه درمانی: استامینوفن (قطره خوراکی / شربت) - طبق دستور پزشک | شیاف استامینوفن (شیاف اطفال (۱۲۵mg / ۳۲۵mg)) - طبق دستور پزشک | شیاف دیکلوفناک (شیاف (۵۰mg / ۱۰۰mg)) - طبق دستور پزشک | پیگیری در صورت عدم بهبود علائم
Session_Full_20260912_223525_a655c4_ENC_02,Session_Full_20260912_223525_a655c4,متخصص اطفال (Pediatrics),کودک / خردسال (۱ تا ۱۲ سال),00:09:15,01:20:29,71.25,44,"تب, پایش رشد و نوزاد",,معاینه عمومی و پایش علائم بالینی,"شکایت اصلی: تب, پایش رشد و نوزاد. اظهارات: مردم از اینجا با اینجا با اینجا با اینجا با اینجا با اینجا با اینجا با اینجا با اینجا با اینجا با اینجا با اینجا با اینجا با اینجا با اینجا با اینجا با اینجا با اینجا با اینجا با اینجا با اینجا با اینجا با اینجا با اینجا با اینجا با اینجا با اینجا با اینجا با اینجا با اینجا با اینجا با اینجا با اینجا با اینجا با اینجا با این",معاینه عمومی و پایش علائم بالینی,نسخه درمانی: توصیه‌های مراقبت بالینی عمومی | پیگیری در صورت عدم بهبود علائم
Session_Full_20260912_223525_a655c4_ENC_03,Session_Full_20260912_223525_a655c4,متخصص اطفال (Pediatrics),نوزاد / شیرخوار (زیر ۱ سال),01:21:00,01:29:23,8.4,27,"تب, سرفه و تنفسی, آبریزش و احتقان, درد بالینی","آزیترومایسین, استامینوفن, شیاف استامینوفن, دیفن‌هیدرامین",عفونت تنفسی / برونشیولیت (Bronchiolitis / RTI),"شکایت اصلی: تب, سرفه و تنفسی, آبریزش و احتقان, درد بالینی. اظهارات: گرفتگی بینی، تب دیگه؟",عفونت تنفسی / برونشیولیت (Bronchiolitis / RTI),نسخه درمانی: آزیترومایسین (سوسپانسیون خوراکی (۱۰۰/۲۰۰mg)) - روزی سه بار | استامینوفن (قطره خوراکی / شربت) - روزی سه بار | شیاف استامینوفن (شیاف اطفال (۱۲۵mg / ۳۲۵mg)) - روزی سه بار | پیگیری در صورت عدم بهبود علائم
Session_Full_20260912_223525_a655c4_ENC_04,Session_Full_20260912_223525_a655c4,متخصص اطفال (Pediatrics),کودک / خردسال (۱ تا ۱۲ سال),00:40:00,00:46:16,6.27,39,بی‌قراری و خواب,,معاینه عمومی و پایش علائم بالینی,شکایت اصلی: بی‌قراری و خواب. اظهارات: سلام بابا جان، خوش اومدی.,معاینه عمومی و پایش علائم بالینی,نسخه درمانی: توصیه‌های مراقبت بالینی عمومی | پیگیری در صورت عدم بهبود علائم
Session_Full_20260912_223525_a655c4_ENC_05,Session_Full_20260912_223525_a655c4,متخصص اطفال (Pediatrics),نوزاد / شیرخوار (زیر ۱ سال),00:51:52,00:59:24,7.54,103,"تب, مشکلات گوارشی, پایش رشد و نوزاد","امپرازول, اسومپرازول, قطره پدی‌لاکت",ریفلاکس معده به مری نوزادی (GERD),"شکایت اصلی: تب, مشکلات گوارشی, پایش رشد و نوزاد. اظهارات: بخمير سلام بگیرم سلامت بشیم خوشکرم",ریفلاکس معده به مری نوزادی (GERD),نسخه درمانی: امپرازول (ساشه پودر خوراکی / کپسول میکروگرانول) - سر ساعت | اسومپرازول (ساشه گرانول پودری) - سر ساعت | قطره پدی‌لاکت (قطره خوراکی پروبیوتیک) - سر ساعت | پیگیری در صورت عدم بهبود علائم
Session_Full_20260912_223525_a655c4_ENC_06,Session_Full_20260912_223525_a655c4,متخصص اطفال (Pediatrics),نوزاد / شیرخوار (زیر ۱ سال),01:06:59,01:12:41,5.71,28,,آزیترومایسین,اوتیت میانی / التهاب گوش (Otitis),شکایت اصلی: پایش عمومی. اظهارات: بفرمایید که دارویش را گرفتیم، خواهیم می‌دونی باز؟ بفرمایید فقط یه شربت داریم بله، خب روزی سه بار، این داشت خوابش هم پیش داره ۱.۵ سی‌سی تا ۲ سی‌سی یعنی یک قطره‌چکان پر، یا حداقل یه نصفه. خواهش می‌کنم خیلی ممنون. بعد آقا تو اون شربتی که موردی دادین، آزیترومایسین رو بدم؟ خیلی ممنون.,اوتیت میانی / التهاب گوش (Otitis),نسخه درمانی: آزیترومایسین (سوسپانسیون خوراکی (۱۰۰/۲۰۰mg)) - روزی سه بار | پیگیری در صورت عدم بهبود علائم
Session_Full_20260912_223525_a655c4_ENC_07,Session_Full_20260912_223525_a655c4,متخصص اطفال (Pediatrics),نوزاد / شیرخوار (زیر ۱ سال),01:30:58,01:39:12,8.23,36,"تب, مشکلات گوارشی, پایش رشد و نوزاد",,معاینه عمومی و پایش علائم بالینی,"شکایت اصلی: تب, مشکلات گوارشی, پایش رشد و نوزاد. اظهارات: بخواهیم بخواهیم خوشید خوشید خوشید بخواهیم چی شده خانومستانی؟",معاینه عمومی و پایش علائم بالینی,نسخه درمانی: توصیه‌های مراقبت بالینی عمومی | پیگیری در صورت عدم بهبود علائم
Session_Full_20260912_223525_a655c4_ENC_08,Session_Full_20260912_223525_a655c4,متخصص اطفال (Pediatrics),کودک / خردسال (۱ تا ۱۲ سال),01:52:56,01:58:11,5.26,20,,,معاینه عمومی و پایش علائم بالینی,شکایت اصلی: پایش عمومی. اظهارات: بخونند.,معاینه عمومی و پایش علائم بالینی,نسخه درمانی: توصیه‌های مراقبت بالینی عمومی | پیگیری در صورت عدم بهبود علائم
Session_Full_20260912_231004_fa5baa_ENC_01,Session_Full_20260912_231004_fa5baa,متخصص اطفال (Pediatrics),نوزاد / شیرخوار (زیر ۱ سال),00:09:00,00:17:00,8.0,25,"تب, پایش رشد و نوزاد",,معاینه عمومی و پایش علائم بالینی,"شکایت اصلی: تب, پایش رشد و نوزاد. اظهارات: باید آزمایش‌های لازم را در اینجا درخواست کنیم.",معاینه عمومی و پایش علائم بالینی,نسخه درمانی: توصیه‌های مراقبت بالینی عمومی | پیگیری در صورت عدم بهبود علائم
Session_Full_20260912_231004_fa5baa_ENC_02,Session_Full_20260912_231004_fa5baa,متخصص اطفال (Pediatrics),نوزاد / شیرخوار (زیر ۱ سال),00:37:20,00:56:31,19.2,131,"مشکلات گوارشی, مشکلات پوستی, پایش رشد و نوزاد","استامینوفن, قطره دایمتیکون, قطره بتامتازون گوش",اوتیت میانی / التهاب گوش (Otitis) | بررسی آزمایشگاهی آنزیم‌های کبد و پلاکت,"شکایت اصلی: مشکلات گوارشی, مشکلات پوستی, پایش رشد و نوزاد. اظهارات: این دخترم در ۳۴ هفته به دلیل مشکل زردی متولد شد.",اوتیت میانی / التهاب گوش (Otitis) | بررسی آزمایشگاهی آنزیم‌های کبد و پلاکت,نسخه درمانی: استامینوفن (قطره خوراکی / شربت) - روزی سه بار | قطره دایمتیکون (قطره خوراکی ضد نفخ) - روزی سه بار | قطره بتامتازون گوش (قطره گوشی) - روزی سه بار | پیگیری در صورت عدم بهبود علائم
Session_Full_20260912_231004_fa5baa_ENC_03,Session_Full_20260912_231004_fa5baa,متخصص اطفال (Pediatrics),کودک / خردسال (۱ تا ۱۲ سال),00:59:28,01:11:34,12.11,76,تب,,عفونت تنفسی / برونشیولیت (Bronchiolitis / RTI),شکایت اصلی: تب. اظهارات: از زن باشن ولی اهل معنا باشن مورد نداریم خب در این تقسیم‌بندی ندیدید ما سه قسمت بکردیم در تقسیم‌بندی اول دو قسمت بکردیم در این تقسیم‌بندی دوم هم ما سه قسمت بکردیم آدم‌هایی که این تنها بردی کنیم یک تقسیم‌بندی سه با هم با اون تقسیم‌بندی سه زنی که نه اهل یعنی قائم کنه و باز هم تمنی کنیم تا وقتی از دنبال بیاد من را اخص هستم یعنی من را میده من را به روحانی که این‌ها دیگه نه اخلاقی هستن نه افز کنن که اجتماعی هستن نه رفت و شومافتی هستن,عفونت تنفسی / برونشیولیت (Bronchiolitis / RTI),نسخه درمانی: توصیه‌های مراقبت بالینی عمومی | پیگیری در صورت عدم بهبود علائم
Session_Full_20260912_231004_fa5baa_ENC_04,Session_Full_20260912_231004_fa5baa,متخصص اطفال (Pediatrics),نوزاد / شیرخوار (زیر ۱ سال),01:12:25,01:27:42,15.28,106,"تب, آبریزش و احتقان, پایش رشد و نوزاد","آزیترومایسین, سفالکسین, ایبوپروفن",عفونت تنفسی / برونشیولیت (Bronchiolitis / RTI) | اوتیت میانی / التهاب گوش (Otitis),"شکایت اصلی: تب, آبریزش و احتقان, پایش رشد و نوزاد. اظهارات: دستگاه برده بودید خوب خوابیده زیر دستگاه، آژین.",عفونت تنفسی / برونشیولیت (Bronchiolitis / RTI) | اوتیت میانی / التهاب گوش (Otitis),نسخه درمانی: آزیترومایسین (سوسپانسیون خوراکی (۱۰۰/۲۰۰mg)) - طبق دستور پزشک | سفالکسین (سوسپانسیون خوراکی (۱۲۵/۲۵۰mg)) - طبق دستور پزشک | ایبوپروفن (شربت سوسپانسیون (۱۰۰mg/5ml)) - طبق دستور پزشک | پیگیری در صورت عدم بهبود علائم
Session_Full_20260912_231004_fa5baa_ENC_05,Session_Full_20260912_231004_fa5baa,متخصص اطفال (Pediatrics),کودک / خردسال (۱ تا ۱۲ سال),02:00:48,02:20:48,20.0,7,تب,,معاینه عمومی و پایش علائم بالینی,شکایت اصلی: تب. اظهارات: اصلاً نمی‌دونن چرا این‌جوری دارن زندگی می‌کنن.,معاینه عمومی و پایش علائم بالینی,نسخه درمانی: توصیه‌های مراقبت بالینی عمومی | پیگیری در صورت عدم بهبود علائم
Session_Full_20260912_235401_e8a313_ENC_01,Session_Full_20260912_235401_e8a313,متخصص اطفال (Pediatrics),نوزاد / شیرخوار (زیر ۱ سال),02:01:47,02:14:36,12.82,107,"تب, مشکلات ادراری, مشکلات پوستی, پایش رشد و نوزاد",سفیکسیم,اوتیت میانی / التهاب گوش (Otitis),"شکایت اصلی: تب, مشکلات ادراری, مشکلات پوستی, پایش رشد و نوزاد. اظهارات: من بهتون می‌دم. با تیغ بیستوری.",اوتیت میانی / التهاب گوش (Otitis),نسخه درمانی: سفیکسیم (سوسپانسیون خوراکی (۱۰۰mg/5ml)) - سر ساعت | پیگیری در صورت عدم بهبود علائم
Session_Full_20260912_235401_e8a313_ENC_02,Session_Full_20260912_235401_e8a313,متخصص اطفال (Pediatrics),کودک / خردسال (۱ تا ۱۲ سال),02:15:24,02:21:40,6.27,10,تب,,معاینه عمومی و پایش علائم بالینی,شکایت اصلی: تب. اظهارات: شرح حال بیمار در متن مکالمه ثبت شده است.,معاینه عمومی و پایش علائم بالینی,نسخه درمانی: توصیه‌های مراقبت بالینی عمومی | پیگیری در صورت عدم بهبود علائم
Session_Full_20260912_235401_e8a313_ENC_03,Session_Full_20260912_235401_e8a313,متخصص اطفال (Pediatrics),نوزاد / شیرخوار (زیر ۱ سال),02:24:40,02:34:14,9.58,79,,"شربت خوراکی اطفال, قطره موضعی / خوراکی, شیاف اطفال",معاینه عمومی و پایش علائم بالینی,شکایت اصلی: پایش عمومی. اظهارات: بیمار بیمار در مطب پزشکی، داروها، آزمایش و نسخه. ببین دستاشو نگیرم نه نه اشکالش چونه؟ جگرم.,معاینه عمومی و پایش علائم بالینی,نسخه درمانی: شربت خوراکی اطفال (شربت خوراکی) - ۱۵ قطره | قطره موضعی / خوراکی (قطره) - ۱۵ قطره | شیاف اطفال (شیاف مقعدی) - در زمان تب بالا هر ۶ ساعت | پیگیری در صورت عدم بهبود علائم
Session_Full_20260912_235401_e8a313_ENC_04,Session_Full_20260912_235401_e8a313,متخصص اطفال (Pediatrics),نوزاد / شیرخوار (زیر ۱ سال),03:04:25,03:28:36,24.2,173,"سرفه و تنفسی, آبریزش و احتقان, مشکلات گوارشی","استامینوفن, ایبوپروفن, شربت پلارژین کیدز, شربت گریپ واتر",ریفلاکس معده به مری نوزادی (GERD) | عفونت تنفسی / برونشیولیت (Bronchiolitis / RTI) | اوتیت میانی / التهاب گوش (Otitis),"شکایت اصلی: سرفه و تنفسی, آبریزش و احتقان, مشکلات گوارشی. اظهارات: چه خواست؟ خوشحال‌مدشت ماشایی گرفت. خوشحال‌ماشایی خوبه؟ خوشحال‌ماشایی خوبه؟ خوشحال‌ماشایی خوبه؟",ریفلاکس معده به مری نوزادی (GERD) | عفونت تنفسی / برونشیولیت (Bronchiolitis / RTI) | اوتیت میانی / التهاب گوش (Otitis),نسخه درمانی: استامینوفن (قطره خوراکی / شربت) - هر سه ساعت | ایبوپروفن (شربت سوسپانسیون (۱۰۰mg/5ml)) - هر سه ساعت | شربت پلارژین کیدز (شربت عصاره پلارگونیوم) - هر سه ساعت | پیگیری در صورت عدم بهبود علائم
Session_Full_20260912_235401_e8a313_ENC_05,Session_Full_20260912_235401_e8a313,متخصص اطفال (Pediatrics),کودک / خردسال (۱ تا ۱۲ سال),03:36:35,03:41:38,5.05,43,"تب, مشکلات گوارشی",اسپری سدیم کلراید,اوتیت میانی / التهاب گوش (Otitis),"شکایت اصلی: تب, مشکلات گوارشی. اظهارات: سلام مرسی سلام حال شما خوبه اون برگره بزنیم خانم یوسف‌زایی چی شده؟",اوتیت میانی / التهاب گوش (Otitis),نسخه درمانی: اسپری سدیم کلراید (اسپری / قطره رینوسالتین) - طبق دستور پزشک | پیگیری در صورت عدم بهبود علائم
Session_Full_20260912_235401_e8a313_ENC_06,Session_Full_20260912_235401_e8a313,متخصص اطفال (Pediatrics),کودک / خردسال (۱ تا ۱۲ سال),03:47:40,03:57:47,10.12,14,,"شربت خوراکی اطفال, قطره موضعی / خوراکی",معاینه عمومی و پایش علائم بالینی,شکایت اصلی: پایش عمومی. اظهارات: این هر ۸ ساعت، هر بار ۸ قطره‌ست. این هر ۸ ساعت مرباخوریه. این برای سرماخوردگیشه، این برای بینی‌ش. بعد این پماد برای صورتشه، روزی سه بار. روزی سه بار هر بار سه قطره داخل بینی. بعد شربت دیسیکلومین در زمان بی‌قراری شدید ۱۵ قطره باید برداریم.,معاینه عمومی و پایش علائم بالینی,نسخه درمانی: شربت خوراکی اطفال (شربت خوراکی) - هر ۸ ساعت | قطره موضعی / خوراکی (قطره) - هر ۸ ساعت | پیگیری در صورت عدم بهبود علائم
Session_Full_20260913_004418_9dd049_ENC_01,Session_Full_20260913_004418_9dd049,متخصص اطفال (Pediatrics),کودک / خردسال (۱ تا ۱۲ سال),00:43:12,00:51:13,8.02,89,"تب, سرفه و تنفسی, آبریزش و احتقان, درد بالینی, مشکلات ادراری",آزیترومایسین,عفونت تنفسی / برونشیولیت (Bronchiolitis / RTI),"شکایت اصلی: تب, سرفه و تنفسی, آبریزش و احتقان, درد بالینی, مشکلات ادراری. اظهارات: از این داروهای موقتی مصرف می‌کنم، این‌طوری باید استفاده کنم دیگه خودتان می‌دانید.",عفونت تنفسی / برونشیولیت (Bronchiolitis / RTI),نسخه درمانی: آزیترومایسین (سوسپانسیون خوراکی (۱۰۰/۲۰۰mg)) - طبق دستور پزشک | پیگیری در صورت عدم بهبود علائم
Session_Full_20260913_004418_9dd049_ENC_02,Session_Full_20260913_004418_9dd049,متخصص اطفال (Pediatrics),کودک / خردسال (۱ تا ۱۲ سال),00:51:33,00:59:19,7.77,83,,مترونیدازول,معاینه عمومی و پایش علائم بالینی,شکایت اصلی: پایش عمومی. اظهارات: بره سلام خادم ناصری بره [... repetitive background audio / music ...],معاینه عمومی و پایش علائم بالینی,نسخه درمانی: مترونیدازول (سوسپانسیون خوراکی) - روزی دو بار | پیگیری در صورت عدم بهبود علائم
Session_Full_20260913_004418_9dd049_ENC_03,Session_Full_20260913_004418_9dd049,متخصص اطفال (Pediatrics),نوزاد / شیرخوار (زیر ۱ سال),01:05:26,01:10:29,5.07,30,"مشکلات ادراری, پایش رشد و نوزاد",قطره موضعی / خوراکی,معاینه عمومی و پایش علائم بالینی,"شکایت اصلی: مشکلات ادراری, پایش رشد و نوزاد. اظهارات: خیلی بس شما برزاده، آیجانجی، چند روزی شد؟",معاینه عمومی و پایش علائم بالینی,نسخه درمانی: قطره موضعی / خوراکی (قطره) - صبح و شب | پیگیری در صورت عدم بهبود علائم
Session_Full_20260913_004418_9dd049_ENC_04,Session_Full_20260913_004418_9dd049,متخصص اطفال (Pediatrics),نوزاد / شیرخوار (زیر ۱ سال),01:11:56,01:20:59,9.07,93,"تب, پایش رشد و نوزاد",قطره موضعی / خوراکی,معاینه عمومی و پایش علائم بالینی,"شکایت اصلی: تب, پایش رشد و نوزاد. اظهارات: بفهمید سلام بابای جان.",معاینه عمومی و پایش علائم بالینی,نسخه درمانی: قطره موضعی / خوراکی (قطره) - طبق دستور پزشک | پیگیری در صورت عدم بهبود علائم
Session_Full_20260913_004418_9dd049_ENC_05,Session_Full_20260913_004418_9dd049,متخصص اطفال (Pediatrics),نوزاد / شیرخوار (زیر ۱ سال),01:24:02,01:27:40,3.64,16,"تب, مشکلات ادراری",,معاینه عمومی و پایش علائم بالینی,"شکایت اصلی: تب, مشکلات ادراری. اظهارات: رو میز می‌بینیم و این‌جهت‌هایی برامون از این داخلش پشه‌ها اول سبک میان بیرون و می‌رن داخل این نیوه و باعث می‌شه که گرد بره... سلام، سلام، خوبی؟",معاینه عمومی و پایش علائم بالینی,نسخه درمانی: توصیه‌های مراقبت بالینی عمومی | پیگیری در صورت عدم بهبود علائم
Session_Full_20260913_004418_9dd049_ENC_06,Session_Full_20260913_004418_9dd049,متخصص اطفال (Pediatrics),کودک / خردسال (۱ تا ۱۲ سال),01:28:00,01:31:43,3.7,39,"تب, سرفه و تنفسی, آبریزش و احتقان, مشکلات گوارشی",شیاف اطفال,عفونت تنفسی / برونشیولیت (Bronchiolitis / RTI),"شکایت اصلی: تب, سرفه و تنفسی, آبریزش و احتقان, مشکلات گوارشی. اظهارات: به خونه سرماخوردگی ممکنه بیاد سلامت بشه برگرده بشه نشسته. خانم نجفی چی شده بابایی؟",عفونت تنفسی / برونشیولیت (Bronchiolitis / RTI),نسخه درمانی: شیاف اطفال (شیاف مقعدی) - در زمان تب بالا هر ۶ ساعت | پیگیری در صورت عدم بهبود علائم
Session_Full_20260913_004418_9dd049_ENC_07,Session_Full_20260913_004418_9dd049,متخصص اطفال (Pediatrics),کودک / خردسال (۱ تا ۱۲ سال),01:34:24,01:47:02,12.65,37,"تب, سرفه و تنفسی","سفیکسیم, استامینوفن, ایبوپروفن",عفونت تنفسی / برونشیولیت (Bronchiolitis / RTI),"شکایت اصلی: تب, سرفه و تنفسی. اظهارات: اگه شصت‌سالت هست بدون دیگه قرضی نیست چیزی رو به کسی ثابت کن دوتایی.",عفونت تنفسی / برونشیولیت (Bronchiolitis / RTI),نسخه درمانی: سفیکسیم (سوسپانسیون خوراکی (۱۰۰mg/5ml)) - روزی ۳ بار | استامینوفن (قطره خوراکی / شربت) - روزی ۳ بار | ایبوپروفن (شربت سوسپانسیون (۱۰۰mg/5ml)) - روزی ۳ بار | پیگیری در صورت عدم بهبود علائم
Session_Full_20260913_004418_9dd049_ENC_08,Session_Full_20260913_004418_9dd049,متخصص اطفال (Pediatrics),نوزاد / شیرخوار (زیر ۱ سال),01:51:00,02:08:54,17.9,70,"تب, سرفه و تنفسی, آبریزش و احتقان, پایش رشد و نوزاد",دیفن‌هیدرامین,عفونت تنفسی / برونشیولیت (Bronchiolitis / RTI),"شکایت اصلی: تب, سرفه و تنفسی, آبریزش و احتقان, پایش رشد و نوزاد. اظهارات: احساس گناه دارم.",عفونت تنفسی / برونشیولیت (Bronchiolitis / RTI),نسخه درمانی: دیفن‌هیدرامین (شربت خوراکی) - طبق دستور پزشک | پیگیری در صورت عدم بهبود علائم
Session_Full_20260913_004418_9dd049_ENC_09,Session_Full_20260913_004418_9dd049,متخصص اطفال (Pediatrics),کودک / خردسال (۱ تا ۱۲ سال),02:10:00,02:13:37,3.62,7,,شربت پلارژین کیدز,معاینه عمومی و پایش علائم بالینی,شکایت اصلی: پایش عمومی. اظهارات: خانم دکتر,معاینه عمومی و پایش علائم بالینی,نسخه درمانی: شربت پلارژین کیدز (شربت عصاره پلارگونیوم) - طبق دستور پزشک | پیگیری در صورت عدم بهبود علائم
Session_Full_20260913_004418_9dd049_ENC_10,Session_Full_20260913_004418_9dd049,متخصص اطفال (Pediatrics),کودک / خردسال (۱ تا ۱۲ سال),02:15:00,02:27:51,12.86,24,,"آموکسی‌سیلین, کتوتیفن",معاینه عمومی و پایش علائم بالینی,شکایت اصلی: پایش عمومی. اظهارات: و در حقیقت، شما موندین، چون ترس من از رفتن، از ترس موندنت بزرگ‌تر شده بود. اگه امروز همون‌تون باید موندن، سردنش می‌کنید، وقتی نشستید به‌جای قضاوت معمولمون بودید، خودتون مردن باشید. شما با اطلاعات و تومان‌هایی که ما موقع داشتیم بهترین تصمیم می‌کنی که بود و گرفتیم. ممنون. یکی از مسایلی که می‌تونه یک سوراخ رو توی سوراخ نگرد برن، وقتی با یک خودشیفته زندگی می‌کنیم، چجوری کمترین حاصل باید ببینیم؟ اگر داریم با یک خودشیفته زندگی می‌کنیم، بارها از خودمون سوال کردیم، من چجوری باید نیفتم و ممنون که آسیب نبینم؟ مولایت اینه که حددشون آنها باید نیامده تغییرگاه داره خودشیفته باشه. حددتون باید موجود از خودتون باشه. تنها راه مقابله و موجود از خودتون در مراوده خودشیفته مرز بندی‌ام سیاست نه متقابل به مثل. مرز باشه اینه که اصلاً به خودتون. یعنی اجازه ندید اینکه باید بازداریش باشید. یکی از جمله‌های تنها ممنون خوش‌گذار و ساکت میدان‌یا که من دوستان رو باید بحث کنم به‌جای اینکه بیا بگیم تو نمی‌فهمی یا که بگیم تفسدن با تو فایده‌ای نداره این جمله‌ها فقط باید شدن از اون پیش‌تر حالا هان مرز بزنن‌شون همه موصولتنشون بزنه مرز بندی با خودشیفته، کتاب، شَمپا، فرمانتون باشید نه توضیح از آن بودید، نه زودون بفرد بودید، نه دعوت آن‌کردان جاوشید. لازم هم نیست احساسات و برنامه و تصمیم زندگیتون براش توضیح بدید. هرچند اطلاعات شخصی کمتری از شما داشته باشد، آموزه‌های گم‌داری در کنترل تحمیل و تسلط روی شما دارد. ماندی‌کننده دارد مثل نشانه از برخیز هرچه آرام‌تر باشید، قوی‌تر می‌شید. خودشیفته‌ها از باقون شهرانی شما تنظیم می‌کنند. وقتی آرام می‌بینند، قدرت خودش رو از دست می‌دهند. اگه تو رابطه‌تون فرق ندارید، اولاً بیرون شما به سلامت روی بچه تون باشد، نه که خودشیفته را رازم بگیرد و بچه‌ها را به یک محرم‌ها نیاز دارند، نه مربانی. شناخته به دون آمر هیچ فایده ندارد. دلیل سن یک طرف مقابل خودشیفته هست. رفتار شما متابرند دارید چرا عوض نکنید؟ تعمیر از رفتار شما شما میشه، نه از شخصیت خودشیفته پس به‌جای اینکه خودشیفته رو عوض کنید، سریع بگید رفتار خودتون رو تعمیر بدید یکی از مهم‌ترین چیزهایی تو زندگی با فرد خودشیفته باید یاد بگیرید ثبات رابطه و مهارت رابطه است از این خواهند‌ها نکردون خودشیفته ادعا بدید اگه این ثبات رو نداشته باشین، فشار از به استرس، حملات پانیک، درد جسمی و رخوت کردن خودتون می‌شین. اما وقتی ثبات رابطه با فرد خودشیفته رو بلد داشتین، از خودتون از ازره جسمی و روانی مراقبت می‌کنید. زندگی با فرد خودشیفته، دشوار حملات عصبی، استرس، کم‌طاقتی و کم‌حوصلگی می‌شین. اما با مهارت رابطه آمون، صبور و مصمم به خودتون هستید. اگر سواد رابطه با خودشیفته رو نوشته باشید، به‌مرور بی‌هدف، بی‌انگیزه و سرشار از حسرت و چراها می‌شید. اما وقتی این سواد رو به دست نیاوردید از ازم نفس خودتون رو حزم کنید، هدف منظم نمی‌کنید، برنامه‌ریزی دارید و از دین خودتون رو با آموزش، رشد پردینید و خودسازی برمی‌کنید. برنامه تکنیک‌های ساده‌ای که برای کارش استراب داد و توی ویدیوهای دیگه بازی و دستگاهی و عملی دوباره کارش هم مرکز فراموشید برنامه تکنیک‌های ساده‌ای که برای کارش استراب داد و توی ویدیوهای دیگه بازم ایران دوباره آرامش دوباره کامل‌های برنامه نشوه ها رو می‌دینم در مدت که ویدیوهای موجود به روزها رو شروع کردم، سوال‌های زیاد... ...,معاینه عمومی و پایش علائم بالینی,نسخه درمانی: آموکسی‌سیلین (سوسپانسیون خوراکی (۱۲۵/۲۵۰mg)) - روزی سه بار | کتوتیفن (شربت خوراکی) - روزی دو بار | پیگیری در صورت عدم بهبود علائم
Session_Full_20260913_012616_a6e10e_ENC_01,Session_Full_20260913_012616_a6e10e,متخصص اطفال (Pediatrics),نوزاد / شیرخوار (زیر ۱ سال),01:41:44,01:48:15,6.52,62,"تب, سرفه و تنفسی, درد بالینی",پماد موپیروسین,عفونت تنفسی / برونشیولیت (Bronchiolitis / RTI) | اوتیت میانی / التهاب گوش (Otitis),"شکایت اصلی: تب, سرفه و تنفسی, درد بالینی. اظهارات: سلام باشیم.",عفونت تنفسی / برونشیولیت (Bronchiolitis / RTI) | اوتیت میانی / التهاب گوش (Otitis),نسخه درمانی: پماد موپیروسین (پماد موضعی ۲٪) - هر هشت ساعت | پیگیری در صورت عدم بهبود علائم
Session_Full_20260913_012616_a6e10e_ENC_02,Session_Full_20260913_012616_a6e10e,متخصص اطفال (Pediatrics),کودک / خردسال (۱ تا ۱۲ سال),02:13:37,02:18:34,4.95,42,"تب, مشکلات گوارشی",,معاینه عمومی و پایش علائم بالینی,"شکایت اصلی: تب, مشکلات گوارشی. اظهارات: [صحبت‌های متفرقه]",معاینه عمومی و پایش علائم بالینی,نسخه درمانی: توصیه‌های مراقبت بالینی عمومی | پیگیری در صورت عدم بهبود علائم
Session_Full_20260913_012616_a6e10e_ENC_03,Session_Full_20260913_012616_a6e10e,متخصص اطفال (Pediatrics),کودک / خردسال (۱ تا ۱۲ سال),03:15:00,03:25:29,10.5,36,"تب, سرفه و تنفسی, آبریزش و احتقان, مشکلات گوارشی, بی‌قراری و خواب",شربت خوراکی اطفال,عفونت تنفسی / برونشیولیت (Bronchiolitis / RTI),"شکایت اصلی: تب, سرفه و تنفسی, آبریزش و احتقان, مشکلات گوارشی, بی‌قراری و خواب. اظهارات: بیمار بیمار در مطب پزشکی، داروها، آزمایش و نسخه. چی شده خانم گلگی؟",عفونت تنفسی / برونشیولیت (Bronchiolitis / RTI),نسخه درمانی: شربت خوراکی اطفال (شربت خوراکی) - روزی سه بار | پیگیری در صورت عدم بهبود علائم
Session_Full_20260913_012616_a6e10e_ENC_04,Session_Full_20260913_012616_a6e10e,متخصص اطفال (Pediatrics),نوزاد / شیرخوار (زیر ۱ سال),03:26:19,03:49:59,23.68,18,,قطره نیستاتین,اوتیت میانی / التهاب گوش (Otitis),شکایت اصلی: پایش عمومی. اظهارات: برخواهیم مادرش هم بیاد گوش بده.,اوتیت میانی / التهاب گوش (Otitis),نسخه درمانی: قطره نیستاتین (قطره سوسپانسیون دهانی) - طبق دستور پزشک | پیگیری در صورت عدم بهبود علائم
Session_Full_20260913_025017_e68131_ENC_01,Session_Full_20260913_025017_e68131,متخصص اطفال (Pediatrics),کودک / خردسال (۱ تا ۱۲ سال),00:00:30,00:11:55,11.42,18,,,معاینه عمومی و پایش علائم بالینی,شکایت اصلی: پایش عمومی. اظهارات: حال عمومی شما چطور است؟,معاینه عمومی و پایش علائم بالینی,نسخه درمانی: توصیه‌های مراقبت بالینی عمومی | پیگیری در صورت عدم بهبود علائم
Session_Full_20260913_025017_e68131_ENC_02,Session_Full_20260913_025017_e68131,متخصص اطفال (Pediatrics),کودک / خردسال (۱ تا ۱۲ سال),00:12:49,00:17:05,4.27,16,مشکلات ادراری,,عفونت مجاری ادراری (UTI),شکایت اصلی: مشکلات ادراری. اظهارات: علائم و مشکلات گوارشی و دردهایی که داشتم را شرح دادم.,عفونت مجاری ادراری (UTI),نسخه درمانی: توصیه‌های مراقبت بالینی عمومی | پیگیری در صورت عدم بهبود علائم
Session_Full_20260913_025017_e68131_ENC_03,Session_Full_20260913_025017_e68131,متخصص اطفال (Pediatrics),کودک / خردسال (۱ تا ۱۲ سال),00:36:30,00:40:29,4.0,21,"سرفه و تنفسی, آبریزش و احتقان, درد بالینی",,عفونت تنفسی / برونشیولیت (Bronchiolitis / RTI),"شکایت اصلی: سرفه و تنفسی, آبریزش و احتقان, درد بالینی. اظهارات: وضعیت سرم و علائم سرماخوردگی بررسی شد.",عفونت تنفسی / برونشیولیت (Bronchiolitis / RTI),نسخه درمانی: توصیه‌های مراقبت بالینی عمومی | پیگیری در صورت عدم بهبود علائم
Session_Full_20260913_025017_e68131_ENC_04,Session_Full_20260913_025017_e68131,متخصص اطفال (Pediatrics),نوزاد / شیرخوار (زیر ۱ سال),01:01:20,01:12:49,11.48,86,"تب, سرفه و تنفسی, آبریزش و احتقان, مشکلات ادراری, پایش رشد و نوزاد","آزیترومایسین, استامینوفن, قطره دایمتیکون",عفونت ویروسی حاد (Viral Infection) | عفونت تنفسی / برونشیولیت (Bronchiolitis / RTI),"شکایت اصلی: تب, سرفه و تنفسی, آبریزش و احتقان, مشکلات ادراری, پایش رشد و نوزاد. اظهارات: از دیشب دور چشمش قرمز شده بود و بیمارستان بردیمش.",عفونت ویروسی حاد (Viral Infection) | عفونت تنفسی / برونشیولیت (Bronchiolitis / RTI),نسخه درمانی: آزیترومایسین (سوسپانسیون خوراکی (۱۰۰/۲۰۰mg)) - روزی سه بار | استامینوفن (قطره خوراکی / شربت) - روزی سه بار | قطره دایمتیکون (قطره خوراکی ضد نفخ) - روزی سه بار | پیگیری در صورت عدم بهبود علائم
Session_Full_20260913_025017_e68131_ENC_05,Session_Full_20260913_025017_e68131,متخصص اطفال (Pediatrics),نوزاد / شیرخوار (زیر ۱ سال),01:19:17,01:28:24,9.13,52,"مشکلات گوارشی, مشکلات ادراری, پایش رشد و نوزاد","سفالکسین, پماد کالاندولا",ریفلاکس معده به مری نوزادی (GERD),"شکایت اصلی: مشکلات گوارشی, مشکلات ادراری, پایش رشد و نوزاد. اظهارات: باید بردارید که اینکه اینکه اینکه اینکه اینکه اینکه اینکه اینکه اینکه اینکه اینکه اینکه اینکه اینکه اینکه اینکه اینکه اینکه اینکه اینکه اینکه اینکه اینکه اینکه اینکه اینکه اینکه اینکه اینکه اینکه اینکه اینکه اینکه اینکه اینکه اینک بودن باید بازده ایه",ریفلاکس معده به مری نوزادی (GERD),نسخه درمانی: سفالکسین (سوسپانسیون خوراکی (۱۲۵/۲۵۰mg)) - هر هشت ساعت | پماد کالاندولا (پماد موضعی گیاهی) - هر هشت ساعت | پیگیری در صورت عدم بهبود علائم
Session_Full_20260913_025017_e68131_ENC_06,Session_Full_20260913_025017_e68131,متخصص اطفال (Pediatrics),نوزاد / شیرخوار (زیر ۱ سال),01:37:27,01:41:47,4.33,45,"تب, مشکلات گوارشی, پایش رشد و نوزاد",قطره پدی‌لاکت,عفونت تنفسی / برونشیولیت (Bronchiolitis / RTI),"شکایت اصلی: تب, مشکلات گوارشی, پایش رشد و نوزاد. اظهارات: استفراغ این‌ها چی؟",عفونت تنفسی / برونشیولیت (Bronchiolitis / RTI),نسخه درمانی: قطره پدی‌لاکت (قطره خوراکی پروبیوتیک) - طبق دستور پزشک | پیگیری در صورت عدم بهبود علائم
Session_Full_20260913_025017_e68131_ENC_07,Session_Full_20260913_025017_e68131,متخصص اطفال (Pediatrics),نوزاد / شیرخوار (زیر ۱ سال),01:42:47,01:49:11,6.4,65,"تب, سرفه و تنفسی, بی‌قراری و خواب",قطره آهن (فروس سولفات),عفونت تنفسی / برونشیولیت (Bronchiolitis / RTI),"شکایت اصلی: تب, سرفه و تنفسی, بی‌قراری و خواب. اظهارات: [نویز پس‌زمینه و تکرار نامفهوم]",عفونت تنفسی / برونشیولیت (Bronchiolitis / RTI),نسخه درمانی: قطره آهن (فروس سولفات) (قطره خوراکی آهن) - ۷ قطره | پیگیری در صورت عدم بهبود علائم
Session_Full_20260913_025017_e68131_ENC_08,Session_Full_20260913_025017_e68131,متخصص اطفال (Pediatrics),کودک / خردسال (۱ تا ۱۲ سال),01:52:38,02:01:46,9.13,36,,"شربت خوراکی اطفال, قطره موضعی / خوراکی",معاینه عمومی و پایش علائم بالینی,شکایت اصلی: پایش عمومی. اظهارات: خوبه.,معاینه عمومی و پایش علائم بالینی,نسخه درمانی: شربت خوراکی اطفال (شربت خوراکی) - طبق دستور پزشک | قطره موضعی / خوراکی (قطره) - طبق دستور پزشک | پیگیری در صورت عدم بهبود علائم
Session_Full_20260913_075345_fe12c1_ENC_01,Session_Full_20260913_075345_fe12c1,متخصص اطفال (Pediatrics),کودک / خردسال (۱ تا ۱۲ سال),00:05:00,00:10:02,5.03,25,,,معاینه عمومی و پایش علائم بالینی,شکایت اصلی: پایش عمومی. اظهارات: این دارو را مصرف کردم و تغییری ایجاد نشد.,معاینه عمومی و پایش علائم بالینی,نسخه درمانی: توصیه‌های مراقبت بالینی عمومی | پیگیری در صورت عدم بهبود علائم
Session_Full_20260913_075345_fe12c1_ENC_02,Session_Full_20260913_075345_fe12c1,متخصص اطفال (Pediatrics),کودک / خردسال (۱ تا ۱۲ سال),00:17:00,00:21:00,4.0,20,,,معاینه عمومی و پایش علائم بالینی,شکایت اصلی: پایش عمومی. اظهارات: آیا عوارضی هم دارد؟,معاینه عمومی و پایش علائم بالینی,نسخه درمانی: توصیه‌های مراقبت بالینی عمومی | پیگیری در صورت عدم بهبود علائم
Session_Full_20260913_075345_fe12c1_ENC_03,Session_Full_20260913_075345_fe12c1,متخصص اطفال (Pediatrics),کودک / خردسال (۱ تا ۱۲ سال),00:22:00,00:28:59,6.98,36,درد بالینی,,معاینه عمومی و پایش علائم بالینی,شکایت اصلی: درد بالینی. اظهارات: [موزیک در مطب],معاینه عمومی و پایش علائم بالینی,نسخه درمانی: توصیه‌های مراقبت بالینی عمومی | پیگیری در صورت عدم بهبود علائم
Session_Full_20260913_075345_fe12c1_ENC_04,Session_Full_20260913_075345_fe12c1,متخصص اطفال (Pediatrics),کودک / خردسال (۱ تا ۱۲ سال),00:38:50,00:43:36,4.77,19,,,معاینه عمومی و پایش علائم بالینی,شکایت اصلی: پایش عمومی. اظهارات: اگر می‌کنید، از این است که این کار را برای خودتان برداشتید.,معاینه عمومی و پایش علائم بالینی,نسخه درمانی: توصیه‌های مراقبت بالینی عمومی | پیگیری در صورت عدم بهبود علائم
Session_Full_20260913_075345_fe12c1_ENC_05,Session_Full_20260913_075345_fe12c1,متخصص اطفال (Pediatrics),نوزاد / شیرخوار (زیر ۱ سال),01:42:56,01:59:10,16.24,93,"تب, سرفه و تنفسی, آبریزش و احتقان, درد بالینی, مشکلات گوارشی, پایش رشد و نوزاد",شیاف دیکلوفناک,عفونت ویروسی حاد (Viral Infection) | عفونت تنفسی / برونشیولیت (Bronchiolitis / RTI),"شکایت اصلی: تب, سرفه و تنفسی, آبریزش و احتقان, درد بالینی, مشکلات گوارشی, پایش رشد و نوزاد. اظهارات: باید برم، بسیار دوست داریم.",عفونت ویروسی حاد (Viral Infection) | عفونت تنفسی / برونشیولیت (Bronchiolitis / RTI),نسخه درمانی: شیاف دیکلوفناک (شیاف (۵۰mg / ۱۰۰mg)) - صبح و شب | پیگیری در صورت عدم بهبود علائم
Session_Full_20260913_075345_fe12c1_ENC_06,Session_Full_20260913_075345_fe12c1,متخصص اطفال (Pediatrics),کودک / خردسال (۱ تا ۱۲ سال),02:04:56,02:12:43,7.79,74,"تب, سرفه و تنفسی, آبریزش و احتقان",استامینوفن,عفونت تنفسی / برونشیولیت (Bronchiolitis / RTI),"شکایت اصلی: تب, سرفه و تنفسی, آبریزش و احتقان. اظهارات: خانه‌سانگیر.",عفونت تنفسی / برونشیولیت (Bronchiolitis / RTI),نسخه درمانی: استامینوفن (قطره خوراکی / شربت) - طبق دستور پزشک | پیگیری در صورت عدم بهبود علائم
Session_Full_20260913_075345_fe12c1_ENC_07,Session_Full_20260913_075345_fe12c1,متخصص اطفال (Pediatrics),نوزاد / شیرخوار (زیر ۱ سال),02:15:00,02:32:56,17.95,110,"تب, مشکلات گوارشی, پایش رشد و نوزاد, بی‌قراری و خواب",شربت گریپ واتر,معاینه عمومی و پایش علائم بالینی,"شکایت اصلی: تب, مشکلات گوارشی, پایش رشد و نوزاد, بی‌قراری و خواب. اظهارات: بگین سلام، حال شما خوبه؟ خوبه چرا تب‌دارید زیر؟ خوبه سیدنام آقای سارانی نوزاده؟ نوزاده.",معاینه عمومی و پایش علائم بالینی,نسخه درمانی: شربت گریپ واتر (شربت خوراکی) - هر هشت ساعت | پیگیری در صورت عدم بهبود علائم
Session_Full_20260913_075345_fe12c1_ENC_08,Session_Full_20260913_075345_fe12c1,متخصص اطفال (Pediatrics),نوزاد / شیرخوار (زیر ۱ سال),02:41:50,02:47:14,5.42,27,پایش رشد و نوزاد,,معاینه عمومی و پایش علائم بالینی,شکایت اصلی: پایش رشد و نوزاد. اظهارات: این کار بی‌زرده داره، آن‌ها گریه بکنیم برو بیرون شده.,معاینه عمومی و پایش علائم بالینی,نسخه درمانی: توصیه‌های مراقبت بالینی عمومی | پیگیری در صورت عدم بهبود علائم
Session_Full_20260913_075345_fe12c1_ENC_09,Session_Full_20260913_075345_fe12c1,متخصص اطفال (Pediatrics),کودک / خردسال (۱ تا ۱۲ سال),02:55:30,03:02:08,6.65,14,"تب, مشکلات گوارشی, بی‌قراری و خواب",قطره دایمتیکون,بررسی آزمایشگاهی آنزیم‌های کبد و پلاکت,"شکایت اصلی: تب, مشکلات گوارشی, بی‌قراری و خواب. اظهارات: در اینجا به اطلاع کردن. از اینجا به اطلاع کردن.",بررسی آزمایشگاهی آنزیم‌های کبد و پلاکت,نسخه درمانی: قطره دایمتیکون (قطره خوراکی ضد نفخ) - ۱۵ قطره | پیگیری در صورت عدم بهبود علائم
Session_Full_20260913_075345_fe12c1_ENC_10,Session_Full_20260913_075345_fe12c1,متخصص اطفال (Pediatrics),نوزاد / شیرخوار (زیر ۱ سال),03:12:48,03:18:32,5.73,65,"مشکلات گوارشی, پایش رشد و نوزاد",قطره پدی‌لاکت,اوتیت میانی / التهاب گوش (Otitis),"شکایت اصلی: مشکلات گوارشی, پایش رشد و نوزاد. اظهارات: بفهم، سلام جان سلامت بشین، ببخشید کارم درخواهد، ببخشید بفهم، سلام بچه‌نون رو تقفل بگیریم، بله؟",اوتیت میانی / التهاب گوش (Otitis),نسخه درمانی: قطره پدی‌لاکت (قطره خوراکی پروبیوتیک) - ۱۵ قطره | پیگیری در صورت عدم بهبود علائم
Session_Full_20260913_075345_fe12c1_ENC_11,Session_Full_20260913_075345_fe12c1,متخصص اطفال (Pediatrics),نوزاد / شیرخوار (زیر ۱ سال),03:31:30,03:36:30,5.01,24,پایش رشد و نوزاد,قطره موضعی / خوراکی,عفونت تنفسی / برونشیولیت (Bronchiolitis / RTI),شکایت اصلی: پایش رشد و نوزاد. اظهارات: دو ماهشه.,عفونت تنفسی / برونشیولیت (Bronchiolitis / RTI),نسخه درمانی: قطره موضعی / خوراکی (قطره) - ۱۰ قطره | پیگیری در صورت عدم بهبود علائم
Session_Full_20260913_075345_fe12c1_ENC_12,Session_Full_20260913_075345_fe12c1,متخصص اطفال (Pediatrics),کودک / خردسال (۱ تا ۱۲ سال),03:37:19,03:41:53,4.57,15,,قطره موضعی / خوراکی,معاینه عمومی و پایش علائم بالینی,شکایت اصلی: پایش عمومی. اظهارات: این آمریکا است و اینم ایران است.,معاینه عمومی و پایش علائم بالینی,نسخه درمانی: قطره موضعی / خوراکی (قطره) - طبق دستور پزشک | پیگیری در صورت عدم بهبود علائم
Session_Full_20260913_111746_a9504f_ENC_01,Session_Full_20260913_111746_a9504f,متخصص اطفال (Pediatrics),کودک / خردسال (۱ تا ۱۲ سال),00:01:20,00:11:29,10.17,8,"تب, سرفه و تنفسی",,عفونت تنفسی / برونشیولیت (Bronchiolitis / RTI),"شکایت اصلی: تب, سرفه و تنفسی. اظهارات: درسته.",عفونت تنفسی / برونشیولیت (Bronchiolitis / RTI),نسخه درمانی: توصیه‌های مراقبت بالینی عمومی | پیگیری در صورت عدم بهبود علائم
Session_Full_20260913_111746_a9504f_ENC_02,Session_Full_20260913_111746_a9504f,متخصص اطفال (Pediatrics),نوزاد / شیرخوار (زیر ۱ سال),00:44:07,00:52:34,8.45,58,"تب, سرفه و تنفسی, آبریزش و احتقان, مشکلات پوستی, پایش رشد و نوزاد","سفیکسیم, سیتریزین",عفونت تنفسی / برونشیولیت (Bronchiolitis / RTI),"شکایت اصلی: تب, سرفه و تنفسی, آبریزش و احتقان, مشکلات پوستی, پایش رشد و نوزاد. اظهارات: آبریزش بینی دارد، سرفه هم می‌کند.",عفونت تنفسی / برونشیولیت (Bronchiolitis / RTI),نسخه درمانی: سفیکسیم (سوسپانسیون خوراکی (۱۰۰mg/5ml)) - روزی سه بار | سیتریزین (شربت / قطره خوراکی) - روزی سه بار | پیگیری در صورت عدم بهبود علائم
Session_Full_20260913_111746_a9504f_ENC_03,Session_Full_20260913_111746_a9504f,متخصص اطفال (Pediatrics),کودک / خردسال (۱ تا ۱۲ سال),00:57:16,01:00:46,3.5,36,"تب, درد بالینی, مشکلات گوارشی",,اوتیت میانی / التهاب گوش (Otitis),"شکایت اصلی: تب, درد بالینی, مشکلات گوارشی. اظهارات: باید برداریم...",اوتیت میانی / التهاب گوش (Otitis),نسخه درمانی: توصیه‌های مراقبت بالینی عمومی | پیگیری در صورت عدم بهبود علائم
Session_Full_20260913_111746_a9504f_ENC_04,Session_Full_20260913_111746_a9504f,متخصص اطفال (Pediatrics),نوزاد / شیرخوار (زیر ۱ سال),01:05:22,01:11:20,5.97,60,"مشکلات گوارشی, مشکلات ادراری, پایش رشد و نوزاد","قطره پدی‌لاکت, قطره دایمتیکون",معاینه عمومی و پایش علائم بالینی,"شکایت اصلی: مشکلات گوارشی, مشکلات ادراری, پایش رشد و نوزاد. اظهارات: چند روزشه؟",معاینه عمومی و پایش علائم بالینی,نسخه درمانی: قطره پدی‌لاکت (قطره خوراکی پروبیوتیک) - دو قطره | قطره دایمتیکون (قطره خوراکی ضد نفخ) - دو قطره | پیگیری در صورت عدم بهبود علائم
Session_Full_20260913_111746_a9504f_ENC_05,Session_Full_20260913_111746_a9504f,متخصص اطفال (Pediatrics),نوزاد / شیرخوار (زیر ۱ سال),01:11:45,01:22:00,10.25,63,"تب, مشکلات گوارشی, پایش رشد و نوزاد, بی‌قراری و خواب","استامینوفن, سرم خوراکی او آر اس",معاینه عمومی و پایش علائم بالینی,"شکایت اصلی: تب, مشکلات گوارشی, پایش رشد و نوزاد, بی‌قراری و خواب. اظهارات: اگه احساس کنید.",معاینه عمومی و پایش علائم بالینی,نسخه درمانی: استامینوفن (قطره خوراکی / شربت) - هر هشت ساعت | سرم خوراکی او آر اس (ساشه پودر محلول در آب) - هر هشت ساعت | پیگیری در صورت عدم بهبود علائم
Session_Full_20260913_111746_a9504f_ENC_06,Session_Full_20260913_111746_a9504f,متخصص اطفال (Pediatrics),کودک / خردسال (۱ تا ۱۲ سال),01:54:41,02:00:36,5.92,15,,ایبوپروفن,معاینه عمومی و پایش علائم بالینی,شکایت اصلی: پایش عمومی. اظهارات: باید...,معاینه عمومی و پایش علائم بالینی,نسخه درمانی: ایبوپروفن (شربت سوسپانسیون (۱۰۰mg/5ml)) - طبق دستور پزشک | پیگیری در صورت عدم بهبود علائم
Session_Full_20260913_111746_a9504f_ENC_07,Session_Full_20260913_111746_a9504f,متخصص اطفال (Pediatrics),کودک / خردسال (۱ تا ۱۲ سال),02:01:26,02:13:27,12.03,31,,,معاینه عمومی و پایش علائم بالینی,شکایت اصلی: پایش عمومی. اظهارات: بله.,معاینه عمومی و پایش علائم بالینی,نسخه درمانی: توصیه‌های مراقبت بالینی عمومی | پیگیری در صورت عدم بهبود علائم
Session_Full_20260913_115117_d33300_ENC_01,Session_Full_20260913_115117_d33300,پزشک عمومی (General Practice),کودک / خردسال (مراجعه به عمومی),01:30:00,02:15:02,45.03,268,"تب, سرفه و تنفسی, درد بالینی, مشکلات گوارشی, مشکلات ادراری, مشکلات پوستی, پایش رشد و نوزاد",ایبوپروفن,عفونت تنفسی / برونشیولیت (Bronchiolitis / RTI) | اوتیت میانی / التهاب گوش (Otitis) | بررسی آزمایشگاهی آنزیم‌های کبد و پلاکت,"شکایت اصلی: تب, سرفه و تنفسی, درد بالینی, مشکلات گوارشی, مشکلات ادراری, مشکلات پوستی, پایش رشد و نوزاد. اظهارات: پس باید برگشته باید مساده از فرق",عفونت تنفسی / برونشیولیت (Bronchiolitis / RTI) | اوتیت میانی / التهاب گوش (Otitis) | بررسی آزمایشگاهی آنزیم‌های کبد و پلاکت,نسخه درمانی: ایبوپروفن (شربت سوسپانسیون (۱۰۰mg/5ml)) - روزی سه بار | پیگیری در صورت عدم بهبود علائم
Session_Full_20260913_115117_d33300_ENC_02,Session_Full_20260913_115117_d33300,پزشک عمومی (General Practice),کودک / خردسال (مراجعه به عمومی),02:15:30,02:20:06,4.6,48,مشکلات گوارشی,,معاینه عمومی و پایش علائم بالینی,شکایت اصلی: مشکلات گوارشی. اظهارات: الان دردهای پاهای شما برسه گفتین بخورو که بره همه.,معاینه عمومی و پایش علائم بالینی,نسخه درمانی: توصیه‌های مراقبت بالینی عمومی | پیگیری در صورت عدم بهبود علائم
Session_Full_20260913_115117_d33300_ENC_03,Session_Full_20260913_115117_d33300,پزشک عمومی (General Practice),بزرگسال (پزشک عمومی),02:20:56,02:29:33,8.63,28,مشکلات پوستی,قطره موضعی / خوراکی,اوتیت میانی / التهاب گوش (Otitis),شکایت اصلی: مشکلات پوستی. اظهارات: اوشان زنیم.,اوتیت میانی / التهاب گوش (Otitis),نسخه درمانی: قطره موضعی / خوراکی (قطره) - روزی دو بار | پیگیری در صورت عدم بهبود علائم
Session_Full_20260913_115117_d33300_ENC_04,Session_Full_20260913_115117_d33300,پزشک عمومی (General Practice),کودک / خردسال (مراجعه به عمومی),02:30:21,02:48:18,17.96,83,مشکلات پوستی,"مترونیدازول, ایبوپروفن",معاینه عمومی و پایش علائم بالینی,شکایت اصلی: مشکلات پوستی. اظهارات: بشید پشت بفرد این‌جور بیشتر باشید. باید برسید.,معاینه عمومی و پایش علائم بالینی,نسخه درمانی: مترونیدازول (سوسپانسیون خوراکی) - صبح و شب | ایبوپروفن (شربت سوسپانسیون (۱۰۰mg/5ml)) - صبح و شب | پیگیری در صورت عدم بهبود علائم
Session_Full_20260913_115117_d33300_ENC_05,Session_Full_20260913_115117_d33300,پزشک عمومی (General Practice),کودک / خردسال (مراجعه به عمومی),02:48:48,02:55:31,6.71,52,مشکلات گوارشی,,معاینه عمومی و پایش علائم بالینی,شکایت اصلی: مشکلات گوارشی. اظهارات: بیماری چه؟ آلت اینه؟,معاینه عمومی و پایش علائم بالینی,نسخه درمانی: توصیه‌های مراقبت بالینی عمومی | پیگیری در صورت عدم بهبود علائم
Session_Full_20260913_115117_d33300_ENC_06,Session_Full_20260913_115117_d33300,پزشک عمومی (General Practice),کودک / خردسال (مراجعه به عمومی),02:58:15,03:29:30,31.25,187,"تب, سرفه و تنفسی, درد بالینی, مشکلات ادراری","ایبوپروفن, پماد کالاندولا",عفونت تنفسی / برونشیولیت (Bronchiolitis / RTI) | برفک دهان / آفت نوزادی (Oral Thrush) | بررسی آزمایشگاهی آنزیم‌های کبد و پلاکت,"شکایت اصلی: تب, سرفه و تنفسی, درد بالینی, مشکلات ادراری. اظهارات: مرسی این مسلح قبلی خانم سرانی؟ بله فراری مرور سرانی.",عفونت تنفسی / برونشیولیت (Bronchiolitis / RTI) | برفک دهان / آفت نوزادی (Oral Thrush) | بررسی آزمایشگاهی آنزیم‌های کبد و پلاکت,نسخه درمانی: ایبوپروفن (شربت سوسپانسیون (۱۰۰mg/5ml)) - طبق دستور پزشک | پماد کالاندولا (پماد موضعی گیاهی) - طبق دستور پزشک | پیگیری در صورت عدم بهبود علائم
Session_Full_20260913_115117_d33300_ENC_07,Session_Full_20260913_115117_d33300,پزشک عمومی (General Practice),کودک / خردسال (مراجعه به عمومی),03:38:20,03:59:58,21.64,145,مشکلات ادراری,آموکسی‌سیلین,عفونت تنفسی / برونشیولیت (Bronchiolitis / RTI),شکایت اصلی: مشکلات ادراری. اظهارات: اما این برای من رو مشخص کنید.,عفونت تنفسی / برونشیولیت (Bronchiolitis / RTI),نسخه درمانی: آموکسی‌سیلین (سوسپانسیون خوراکی (۱۲۵/۲۵۰mg)) - هر یک ساعت | پیگیری در صورت عدم بهبود علائم
Session_Full_20260913_130328_43cf9b_ENC_01,Session_Full_20260913_130328_43cf9b,پزشک عمومی (General Practice),کودک / خردسال (مراجعه به عمومی),00:27:48,01:05:02,37.23,156,"تب, مشکلات گوارشی, مشکلات پوستی, پایش رشد و نوزاد",سفیکسیم,اوتیت میانی / التهاب گوش (Otitis),"شکایت اصلی: تب, مشکلات گوارشی, مشکلات پوستی, پایش رشد و نوزاد. اظهارات: شما به چه صورت دارو مصرف می‌کنید؟",اوتیت میانی / التهاب گوش (Otitis),نسخه درمانی: سفیکسیم (سوسپانسیون خوراکی (۱۰۰mg/5ml)) - طبق دستور پزشک | پیگیری در صورت عدم بهبود علائم
Session_Full_20260913_130328_43cf9b_ENC_02,Session_Full_20260913_130328_43cf9b,پزشک عمومی (General Practice),کودک / خردسال (مراجعه به عمومی),01:06:02,01:34:00,27.98,238,"تب, پایش رشد و نوزاد",شربت خوراکی اطفال,اوتیت میانی / التهاب گوش (Otitis),"شکایت اصلی: تب, پایش رشد و نوزاد. اظهارات: سرم پنتوپرازول...",اوتیت میانی / التهاب گوش (Otitis),نسخه درمانی: شربت خوراکی اطفال (شربت خوراکی) - روزی دو بار | پیگیری در صورت عدم بهبود علائم
Session_Full_20260913_130328_43cf9b_ENC_03,Session_Full_20260913_130328_43cf9b,پزشک عمومی (General Practice),کودک / خردسال (مراجعه به عمومی),01:34:48,02:10:30,35.68,197,"درد بالینی, مشکلات گوارشی, مشکلات پوستی",,بررسی آزمایشگاهی آنزیم‌های کبد و پلاکت,"شکایت اصلی: درد بالینی, مشکلات گوارشی, مشکلات پوستی. اظهارات: از این گردن یک گرمی شوینده به اون درمان قبلی اضافه کرد. زیر آفتاب چی می‌زنی؟ زیر آفتاب چیزی که می‌گیر.",بررسی آزمایشگاهی آنزیم‌های کبد و پلاکت,نسخه درمانی: توصیه‌های مراقبت بالینی عمومی | پیگیری در صورت عدم بهبود علائم
Session_Full_20260913_130328_43cf9b_ENC_04,Session_Full_20260913_130328_43cf9b,پزشک عمومی (General Practice),کودک / خردسال (مراجعه به عمومی),02:11:20,02:22:01,10.69,74,"تب, مشکلات ادراری",شربت پلارژین کیدز,اوتیت میانی / التهاب گوش (Otitis),"شکایت اصلی: تب, مشکلات ادراری. اظهارات: سرمه. یه درمان.",اوتیت میانی / التهاب گوش (Otitis),نسخه درمانی: شربت پلارژین کیدز (شربت عصاره پلارگونیوم) - طبق دستور پزشک | پیگیری در صورت عدم بهبود علائم
Session_Full_20260913_130328_43cf9b_ENC_05,Session_Full_20260913_130328_43cf9b,پزشک عمومی (General Practice),بزرگسال (پزشک عمومی),03:39:48,03:59:59,20.19,133,مشکلات پوستی,,معاینه عمومی و پایش علائم بالینی,شکایت اصلی: مشکلات پوستی. اظهارات: سلام,معاینه عمومی و پایش علائم بالینی,نسخه درمانی: توصیه‌های مراقبت بالینی عمومی | پیگیری در صورت عدم بهبود علائم
Session_Full_20260913_141847_8034c8_ENC_01,Session_Full_20260913_141847_8034c8,پزشک عمومی (General Practice),بزرگسال (پزشک عمومی),00:06:30,00:12:29,6.0,11,"سرفه و تنفسی, درد بالینی",,عفونت تنفسی / برونشیولیت (Bronchiolitis / RTI),"شکایت اصلی: سرفه و تنفسی, درد بالینی. اظهارات: چه زمانی باید مراجعه کنیم؟",عفونت تنفسی / برونشیولیت (Bronchiolitis / RTI),نسخه درمانی: توصیه‌های مراقبت بالینی عمومی | پیگیری در صورت عدم بهبود علائم
Session_Full_20260913_141847_8034c8_ENC_02,Session_Full_20260913_141847_8034c8,پزشک عمومی (General Practice),بزرگسال (پزشک عمومی),00:17:26,00:27:06,9.67,11,,,معاینه عمومی و پایش علائم بالینی,شکایت اصلی: پایش عمومی. اظهارات: متوجه شدم.,معاینه عمومی و پایش علائم بالینی,نسخه درمانی: توصیه‌های مراقبت بالینی عمومی | پیگیری در صورت عدم بهبود علائم
Session_Full_20260913_141847_8034c8_ENC_03,Session_Full_20260913_141847_8034c8,پزشک عمومی (General Practice),کودک / خردسال (مراجعه به عمومی),00:29:14,01:12:47,43.55,291,"سرفه و تنفسی, درد بالینی, مشکلات گوارشی, مشکلات پوستی, پایش رشد و نوزاد, بی‌قراری و خواب","سفیکسیم, فاموتیدین",عفونت تنفسی / برونشیولیت (Bronchiolitis / RTI) | اوتیت میانی / التهاب گوش (Otitis) | بررسی آزمایشگاهی آنزیم‌های کبد و پلاکت,"شکایت اصلی: سرفه و تنفسی, درد بالینی, مشکلات گوارشی, مشکلات پوستی, پایش رشد و نوزاد, بی‌قراری و خواب. اظهارات: سوالاتی دارم.",عفونت تنفسی / برونشیولیت (Bronchiolitis / RTI) | اوتیت میانی / التهاب گوش (Otitis) | بررسی آزمایشگاهی آنزیم‌های کبد و پلاکت,نسخه درمانی: سفیکسیم (سوسپانسیون خوراکی (۱۰۰mg/5ml)) - روزی دو بار | فاموتیدین (شربت سوسپانسیون / قرص) - روزی دو بار | پیگیری در صورت عدم بهبود علائم
Session_Full_20260913_141847_8034c8_ENC_04,Session_Full_20260913_141847_8034c8,پزشک عمومی (General Practice),کودک / خردسال (مراجعه به عمومی),01:18:41,02:24:10,65.48,336,"مشکلات گوارشی, مشکلات ادراری, پایش رشد و نوزاد",قطره سیپروفلوکساسین گوش,بررسی آزمایشگاهی آنزیم‌های کبد و پلاکت,"شکایت اصلی: مشکلات گوارشی, مشکلات ادراری, پایش رشد و نوزاد. اظهارات: خب اون سال هم نیست",بررسی آزمایشگاهی آنزیم‌های کبد و پلاکت,نسخه درمانی: قطره سیپروفلوکساسین گوش (قطره گوشی ۰.۳٪) - طبق دستور پزشک | پیگیری در صورت عدم بهبود علائم
Session_Full_20260913_141847_8034c8_ENC_05,Session_Full_20260913_141847_8034c8,پزشک عمومی (General Practice),بزرگسال (پزشک عمومی),03:08:26,03:12:09,3.72,25,درد بالینی,"مترونیدازول, قطره سیپروفلوکساسین گوش",عفونت تنفسی / برونشیولیت (Bronchiolitis / RTI) | اوتیت میانی / التهاب گوش (Otitis),شکایت اصلی: درد بالینی. اظهارات: سلام آقای سلام,عفونت تنفسی / برونشیولیت (Bronchiolitis / RTI) | اوتیت میانی / التهاب گوش (Otitis),نسخه درمانی: مترونیدازول (سوسپانسیون خوراکی) - طبق دستور پزشک | قطره سیپروفلوکساسین گوش (قطره گوشی ۰.۳٪) - طبق دستور پزشک | پیگیری در صورت عدم بهبود علائم
Session_Full_20260913_141847_8034c8_ENC_06,Session_Full_20260913_141847_8034c8,پزشک عمومی (General Practice),بزرگسال (پزشک عمومی),03:39:15,03:52:29,13.25,33,مشکلات پوستی,,معاینه عمومی و پایش علائم بالینی,شکایت اصلی: مشکلات پوستی. اظهارات: این رو باید ببریم در بعدش، از این رو کرمی کرم داریم,معاینه عمومی و پایش علائم بالینی,نسخه درمانی: توصیه‌های مراقبت بالینی عمومی | پیگیری در صورت عدم بهبود علائم
Session_Full_20260913_175839_5e6b35_ENC_01,Session_Full_20260913_175839_5e6b35,متخصص اطفال (Pediatrics),کودک / خردسال (۱ تا ۱۲ سال),00:00:00,00:05:36,5.6,26,,,معاینه عمومی و پایش علائم بالینی,شکایت اصلی: پایش عمومی. اظهارات: چند دوز مصرف کرده است؟,معاینه عمومی و پایش علائم بالینی,نسخه درمانی: توصیه‌های مراقبت بالینی عمومی | پیگیری در صورت عدم بهبود علائم
Session_Full_20260913_175839_5e6b35_ENC_02,Session_Full_20260913_175839_5e6b35,متخصص اطفال (Pediatrics),کودک / خردسال (۱ تا ۱۲ سال),00:06:24,00:16:06,9.7,24,,,معاینه عمومی و پایش علائم بالینی,شکایت اصلی: پایش عمومی. اظهارات: سوابق را اینجا بررسی کنید. [نویز پس‌زمینه],معاینه عمومی و پایش علائم بالینی,نسخه درمانی: توصیه‌های مراقبت بالینی عمومی | پیگیری در صورت عدم بهبود علائم
Session_Full_20260913_175839_5e6b35_ENC_03,Session_Full_20260913_175839_5e6b35,متخصص اطفال (Pediatrics),کودک / خردسال (۱ تا ۱۲ سال),00:16:53,00:22:29,5.62,5,,,معاینه عمومی و پایش علائم بالینی,شکایت اصلی: پایش عمومی. اظهارات: ممنون از راهنمایی شما. برای ویزیت بعدی مراجعه می‌کنیم. خدانگهدار.,معاینه عمومی و پایش علائم بالینی,نسخه درمانی: توصیه‌های مراقبت بالینی عمومی | پیگیری در صورت عدم بهبود علائم
Session_Full_20260913_175839_5e6b35_ENC_04,Session_Full_20260913_175839_5e6b35,متخصص اطفال (Pediatrics),کودک / خردسال (۱ تا ۱۲ سال),00:23:50,00:31:06,7.27,24,مشکلات ادراری,,عفونت تنفسی / برونشیولیت (Bronchiolitis / RTI),شکایت اصلی: مشکلات ادراری. اظهارات: سلام خانم دکتر، خوش آمدید.,عفونت تنفسی / برونشیولیت (Bronchiolitis / RTI),نسخه درمانی: توصیه‌های مراقبت بالینی عمومی | پیگیری در صورت عدم بهبود علائم
Session_Full_20260913_175839_5e6b35_ENC_05,Session_Full_20260913_175839_5e6b35,متخصص اطفال (Pediatrics),نوزاد / شیرخوار (زیر ۱ سال),00:31:30,02:05:14,93.74,554,"تب, سرفه و تنفسی, درد بالینی, مشکلات ادراری, مشکلات پوستی, پایش رشد و نوزاد","امپرازول, اسومپرازول",عفونت تنفسی / برونشیولیت (Bronchiolitis / RTI) | اوتیت میانی / التهاب گوش (Otitis) | بررسی آزمایشگاهی آنزیم‌های کبد و پلاکت,"شکایت اصلی: تب, سرفه و تنفسی, درد بالینی, مشکلات ادراری, مشکلات پوستی, پایش رشد و نوزاد. اظهارات: ببخشید چی شده برای؟",عفونت تنفسی / برونشیولیت (Bronchiolitis / RTI) | اوتیت میانی / التهاب گوش (Otitis) | بررسی آزمایشگاهی آنزیم‌های کبد و پلاکت,نسخه درمانی: امپرازول (ساشه پودر خوراکی / کپسول میکروگرانول) - دو قطره | اسومپرازول (ساشه گرانول پودری) - دو قطره | پیگیری در صورت عدم بهبود علائم
Session_Full_20260913_175839_5e6b35_ENC_06,Session_Full_20260913_175839_5e6b35,متخصص اطفال (Pediatrics),کودک / خردسال (۱ تا ۱۲ سال),02:06:24,02:24:08,17.73,168,"مشکلات ادراری, مشکلات پوستی, پایش رشد و نوزاد",,معاینه عمومی و پایش علائم بالینی,"شکایت اصلی: مشکلات ادراری, مشکلات پوستی, پایش رشد و نوزاد. اظهارات: برای کیست تخمدانم میشه من ۶ جلسه مدرک دکتری هستم، کار سختی ندارم من توی اینجا رسم از اینجا، بابا باشون گفتن که مثلا اینجایی گفتن که دوستشون اونو بردن دکتر دید و گفتم نه من دکتر بیشتر قبول دارم.",معاینه عمومی و پایش علائم بالینی,نسخه درمانی: توصیه‌های مراقبت بالینی عمومی | پیگیری در صورت عدم بهبود علائم
Session_Full_20260913_175839_5e6b35_ENC_07,Session_Full_20260913_175839_5e6b35,متخصص اطفال (Pediatrics),کودک / خردسال (۱ تا ۱۲ سال),03:05:18,03:16:22,11.07,70,,ایبوپروفن,بررسی آزمایشگاهی آنزیم‌های کبد و پلاکت,شکایت اصلی: پایش عمومی. اظهارات: یا من نیستم زمین خورده بودی.,بررسی آزمایشگاهی آنزیم‌های کبد و پلاکت,نسخه درمانی: ایبوپروفن (شربت سوسپانسیون (۱۰۰mg/5ml)) - روزی یک بار | پیگیری در صورت عدم بهبود علائم
Session_Full_20260913_175839_5e6b35_ENC_08,Session_Full_20260913_175839_5e6b35,متخصص اطفال (Pediatrics),نوزاد / شیرخوار (زیر ۱ سال),03:26:00,03:53:10,27.17,151,"سرفه و تنفسی, پایش رشد و نوزاد",سفیکسیم,عفونت تنفسی / برونشیولیت (Bronchiolitis / RTI),"شکایت اصلی: سرفه و تنفسی, پایش رشد و نوزاد. اظهارات: همین کماته؟ بله، این نداریم رو من.",عفونت تنفسی / برونشیولیت (Bronchiolitis / RTI),نسخه درمانی: سفیکسیم (سوسپانسیون خوراکی (۱۰۰mg/5ml)) - طبق دستور پزشک | پیگیری در صورت عدم بهبود علائم
Session_Full_20260913_202446_9790b2_ENC_01,Session_Full_20260913_202446_9790b2,پزشک عمومی (General Practice),کودک / خردسال (مراجعه به عمومی),00:30:30,00:38:23,7.9,77,"تب, سرفه و تنفسی, درد بالینی, مشکلات گوارشی","آموکسی‌سیلین, استامینوفن",عفونت تنفسی / برونشیولیت (Bronchiolitis / RTI),"شکایت اصلی: تب, سرفه و تنفسی, درد بالینی, مشکلات گوارشی. اظهارات: بفهمه",عفونت تنفسی / برونشیولیت (Bronchiolitis / RTI),نسخه درمانی: آموکسی‌سیلین (سوسپانسیون خوراکی (۱۲۵/۲۵۰mg)) - طبق دستور پزشک | استامینوفن (قطره خوراکی / شربت) - طبق دستور پزشک | پیگیری در صورت عدم بهبود علائم
Session_Full_20260913_202446_9790b2_ENC_02,Session_Full_20260913_202446_9790b2,پزشک عمومی (General Practice),کودک / خردسال (مراجعه به عمومی),00:46:58,01:00:02,13.07,57,"مشکلات گوارشی, پایش رشد و نوزاد, بی‌قراری و خواب",شربت خوراکی اطفال,معاینه عمومی و پایش علائم بالینی,"شکایت اصلی: مشکلات گوارشی, پایش رشد و نوزاد, بی‌قراری و خواب. اظهارات: دیدید، زرد شده، زرد شده.",معاینه عمومی و پایش علائم بالینی,نسخه درمانی: شربت خوراکی اطفال (شربت خوراکی) - طبق دستور پزشک | پیگیری در صورت عدم بهبود علائم
Session_Full_20260913_202446_9790b2_ENC_03,Session_Full_20260913_202446_9790b2,پزشک عمومی (General Practice),کودک / خردسال (مراجعه به عمومی),01:12:26,02:00:30,48.05,326,"درد بالینی, مشکلات گوارشی, مشکلات ادراری",امپرازول,اوتیت میانی / التهاب گوش (Otitis) | بررسی آزمایشگاهی آنزیم‌های کبد و پلاکت,"شکایت اصلی: درد بالینی, مشکلات گوارشی, مشکلات ادراری. اظهارات: از این سفر که تغییر می‌کنیم",اوتیت میانی / التهاب گوش (Otitis) | بررسی آزمایشگاهی آنزیم‌های کبد و پلاکت,نسخه درمانی: امپرازول (ساشه پودر خوراکی / کپسول میکروگرانول) - صبح و شب | پیگیری در صورت عدم بهبود علائم
Session_Full_20260913_202446_9790b2_ENC_04,Session_Full_20260913_202446_9790b2,پزشک عمومی (General Practice),کودک / خردسال (مراجعه به عمومی),02:01:42,02:08:57,7.26,26,,,معاینه عمومی و پایش علائم بالینی,شکایت اصلی: پایش عمومی. اظهارات: ولی الان به نظر تو داروی نرمیدم.,معاینه عمومی و پایش علائم بالینی,نسخه درمانی: توصیه‌های مراقبت بالینی عمومی | پیگیری در صورت عدم بهبود علائم
Session_Full_20260913_202446_9790b2_ENC_05,Session_Full_20260913_202446_9790b2,پزشک عمومی (General Practice),کودک / خردسال (مراجعه به عمومی),02:09:47,02:35:38,25.84,173,"تب, مشکلات ادراری, پایش رشد و نوزاد","شیاف دیکلوفناک, شربت گریپ واتر",اوتیت میانی / التهاب گوش (Otitis) | بررسی آزمایشگاهی آنزیم‌های کبد و پلاکت,"شکایت اصلی: تب, مشکلات ادراری, پایش رشد و نوزاد. اظهارات: بعد، مطب پرسیکا همه رو برداشت، به ضبط قطعی نرسیدیم، از هر کدوم سپر رو رسوی و بعد برداشت تو شربت دیگه می‌توانیم.",اوتیت میانی / التهاب گوش (Otitis) | بررسی آزمایشگاهی آنزیم‌های کبد و پلاکت,نسخه درمانی: شیاف دیکلوفناک (شیاف (۵۰mg / ۱۰۰mg)) - طبق دستور پزشک | شربت گریپ واتر (شربت خوراکی) - طبق دستور پزشک | پیگیری در صورت عدم بهبود علائم
Session_Full_20260913_202446_9790b2_ENC_06,Session_Full_20260913_202446_9790b2,پزشک عمومی (General Practice),کودک / خردسال (مراجعه به عمومی),02:36:58,02:55:29,18.53,33,,,بررسی آزمایشگاهی آنزیم‌های کبد و پلاکت,شکایت اصلی: پایش عمومی. اظهارات: شکر می‌کنم این کار را به شما برداشت.,بررسی آزمایشگاهی آنزیم‌های کبد و پلاکت,نسخه درمانی: توصیه‌های مراقبت بالینی عمومی | پیگیری در صورت عدم بهبود علائم
Session_Full_20260913_202446_9790b2_ENC_07,Session_Full_20260913_202446_9790b2,پزشک عمومی (General Practice),کودک / خردسال (مراجعه به عمومی),02:56:28,03:41:08,44.67,180,,,معاینه عمومی و پایش علائم بالینی,شکایت اصلی: پایش عمومی. اظهارات: اینجا سپرازی می‌ترک دهیم.,معاینه عمومی و پایش علائم بالینی,نسخه درمانی: توصیه‌های مراقبت بالینی عمومی | پیگیری در صورت عدم بهبود علائم
Session_Full_20260913_202446_9790b2_ENC_08,Session_Full_20260913_202446_9790b2,پزشک عمومی (General Practice),کودک / خردسال (مراجعه به عمومی),03:41:56,03:56:54,14.97,61,مشکلات ادراری,,معاینه عمومی و پایش علائم بالینی,شکایت اصلی: مشکلات ادراری. اظهارات: شما با چه؟,معاینه عمومی و پایش علائم بالینی,نسخه درمانی: توصیه‌های مراقبت بالینی عمومی | پیگیری در صورت عدم بهبود علائم
Session_Full_20260913_202446_9790b2_ENC_09,Session_Full_20260913_202446_9790b2,پزشک عمومی (General Practice),بزرگسال (پزشک عمومی),04:02:47,04:15:30,12.72,116,,"شربت خوراکی اطفال, قطره موضعی / خوراکی",معاینه عمومی و پایش علائم بالینی,شکایت اصلی: پایش عمومی. اظهارات: از اینجا میاد میاد.,معاینه عمومی و پایش علائم بالینی,نسخه درمانی: شربت خوراکی اطفال (شربت خوراکی) - صبح و شب | قطره موضعی / خوراکی (قطره) - صبح و شب | پیگیری در صورت عدم بهبود علائم
Session_Full_20260913_202446_9790b2_ENC_10,Session_Full_20260913_202446_9790b2,پزشک عمومی (General Practice),کودک / خردسال (مراجعه به عمومی),04:18:34,04:37:36,19.05,96,بی‌قراری و خواب,,معاینه عمومی و پایش علائم بالینی,شکایت اصلی: بی‌قراری و خواب. اظهارات: در اینجا اینو هستید تو دردونی هستید.,معاینه عمومی و پایش علائم بالینی,نسخه درمانی: توصیه‌های مراقبت بالینی عمومی | پیگیری در صورت عدم بهبود علائم
Session_Full_20260913_202446_9790b2_ENC_11,Session_Full_20260913_202446_9790b2,پزشک عمومی (General Practice),کودک / خردسال (مراجعه به عمومی),04:44:30,05:25:29,40.99,45,"تب, مشکلات گوارشی, مشکلات ادراری",,معاینه عمومی و پایش علائم بالینی,"شکایت اصلی: تب, مشکلات گوارشی, مشکلات ادراری. اظهارات: باید بشین شما رو از این روزه چندتا می‌خوره؟ این هم یکیه. بعد این که نستن؟ نه.",معاینه عمومی و پایش علائم بالینی,نسخه درمانی: توصیه‌های مراقبت بالینی عمومی | پیگیری در صورت عدم بهبود علائم
Session_Full_20260913_202446_9790b2_ENC_12,Session_Full_20260913_202446_9790b2,پزشک عمومی (General Practice),کودک / خردسال (مراجعه به عمومی),05:26:24,07:10:02,103.63,550,"تب, سرفه و تنفسی, درد بالینی, مشکلات گوارشی, مشکلات ادراری, مشکلات پوستی, پایش رشد و نوزاد, بی‌قراری و خواب","سفالکسین, دیفن‌هیدرامین, قطره پدی‌لاکت",عفونت ویروسی حاد (Viral Infection) | عفونت تنفسی / برونشیولیت (Bronchiolitis / RTI) | اوتیت میانی / التهاب گوش (Otitis) | بررسی آزمایشگاهی آنزیم‌های کبد و پلاکت,"شکایت اصلی: تب, سرفه و تنفسی, درد بالینی, مشکلات گوارشی, مشکلات ادراری, مشکلات پوستی, پایش رشد و نوزاد, بی‌قراری و خواب. اظهارات: از اینجا باید بردارید که اینجا باید بردارید برنامه اینجا باید برداشت باشید.",عفونت ویروسی حاد (Viral Infection) | عفونت تنفسی / برونشیولیت (Bronchiolitis / RTI) | اوتیت میانی / التهاب گوش (Otitis) | بررسی آزمایشگاهی آنزیم‌های کبد و پلاکت,نسخه درمانی: سفالکسین (سوسپانسیون خوراکی (۱۲۵/۲۵۰mg)) - صبح و شب | دیفن‌هیدرامین (شربت خوراکی) - صبح و شب | قطره پدی‌لاکت (قطره خوراکی پروبیوتیک) - صبح و شب | پیگیری در صورت عدم بهبود علائم
Session_Full_20260913_231510_1e7481_ENC_01,Session_Full_20260913_231510_1e7481,پزشک عمومی (General Practice),کودک / خردسال (مراجعه به عمومی),00:27:46,00:33:32,5.77,49,تب,,معاینه عمومی و پایش علائم بالینی,شکایت اصلی: تب. اظهارات: ویتامیر,معاینه عمومی و پایش علائم بالینی,نسخه درمانی: توصیه‌های مراقبت بالینی عمومی | پیگیری در صورت عدم بهبود علائم
Session_Full_20260913_231510_1e7481_ENC_02,Session_Full_20260913_231510_1e7481,پزشک عمومی (General Practice),بزرگسال (پزشک عمومی),00:50:00,01:00:29,10.5,41,,شربت خوراکی اطفال,معاینه عمومی و پایش علائم بالینی,شکایت اصلی: پایش عمومی. اظهارات: بیمار، گفتگو بین دکتر و بیمار در مطب پزشکی، داروها، آزمایش و نسخه.,معاینه عمومی و پایش علائم بالینی,نسخه درمانی: شربت خوراکی اطفال (شربت خوراکی) - طبق دستور پزشک | پیگیری در صورت عدم بهبود علائم
Session_Full_20260913_231510_1e7481_ENC_03,Session_Full_20260913_231510_1e7481,پزشک عمومی (General Practice),کودک / خردسال (مراجعه به عمومی),01:02:02,01:06:00,3.97,11,,,معاینه عمومی و پایش علائم بالینی,شکایت اصلی: پایش عمومی. اظهارات: می‌دارم اینجا تا پرده‌ها می‌آمید.,معاینه عمومی و پایش علائم بالینی,نسخه درمانی: توصیه‌های مراقبت بالینی عمومی | پیگیری در صورت عدم بهبود علائم
Session_Full_20260913_231510_1e7481_ENC_04,Session_Full_20260913_231510_1e7481,پزشک عمومی (General Practice),کودک / خردسال (مراجعه به عمومی),01:32:00,01:44:30,12.51,71,"مشکلات گوارشی, پایش رشد و نوزاد",,معاینه عمومی و پایش علائم بالینی,"شکایت اصلی: مشکلات گوارشی, پایش رشد و نوزاد. اظهارات: نه اونجا همه درد و سوزش داره.",معاینه عمومی و پایش علائم بالینی,نسخه درمانی: توصیه‌های مراقبت بالینی عمومی | پیگیری در صورت عدم بهبود علائم
Session_Full_20260913_231510_1e7481_ENC_05,Session_Full_20260913_231510_1e7481,پزشک عمومی (General Practice),کودک / خردسال (مراجعه به عمومی),02:01:52,02:11:07,9.25,66,بی‌قراری و خواب,,معاینه عمومی و پایش علائم بالینی,شکایت اصلی: بی‌قراری و خواب. اظهارات: الان خیلی گوشم می‌خاره بعد چکلاو هم برات بزنم و بعد سونو هم برات بزنیم مارو بابا چیه؟ برات گلچین؟,معاینه عمومی و پایش علائم بالینی,نسخه درمانی: توصیه‌های مراقبت بالینی عمومی | پیگیری در صورت عدم بهبود علائم
Session_Full_20260913_231510_1e7481_ENC_06,Session_Full_20260913_231510_1e7481,پزشک عمومی (General Practice),کودک / خردسال (مراجعه به عمومی),02:11:27,02:35:04,23.62,103,"سرفه و تنفسی, درد بالینی, مشکلات گوارشی, پایش رشد و نوزاد",قطره پدی‌لاکت,عفونت تنفسی / برونشیولیت (Bronchiolitis / RTI),"شکایت اصلی: سرفه و تنفسی, درد بالینی, مشکلات گوارشی, پایش رشد و نوزاد. اظهارات: چی شده؟ اصلاً از سفر بیرون... اون هست دیگه تا دادیم هم.",عفونت تنفسی / برونشیولیت (Bronchiolitis / RTI),نسخه درمانی: قطره پدی‌لاکت (قطره خوراکی پروبیوتیک) - یک قاشق | پیگیری در صورت عدم بهبود علائم
Session_Full_20260913_231510_1e7481_ENC_07,Session_Full_20260913_231510_1e7481,پزشک عمومی (General Practice),کودک / خردسال (مراجعه به عمومی),02:37:26,02:44:00,6.57,34,"مشکلات پوستی, پایش رشد و نوزاد",,برفک دهان / آفت نوزادی (Oral Thrush),"شکایت اصلی: مشکلات پوستی, پایش رشد و نوزاد. اظهارات: اگزماها داریم.",برفک دهان / آفت نوزادی (Oral Thrush),نسخه درمانی: توصیه‌های مراقبت بالینی عمومی | پیگیری در صورت عدم بهبود علائم
Session_Full_20260913_231510_1e7481_ENC_08,Session_Full_20260913_231510_1e7481,پزشک عمومی (General Practice),کودک / خردسال (مراجعه به عمومی),02:44:50,02:53:37,8.8,64,درد بالینی,دیفن‌هیدرامین,بررسی آزمایشگاهی آنزیم‌های کبد و پلاکت,شکایت اصلی: درد بالینی. اظهارات: سونوگرافی چیزی کنی؟ نه.,بررسی آزمایشگاهی آنزیم‌های کبد و پلاکت,نسخه درمانی: دیفن‌هیدرامین (شربت خوراکی) - طبق دستور پزشک | پیگیری در صورت عدم بهبود علائم
Session_Full_20260913_231510_1e7481_ENC_09,Session_Full_20260913_231510_1e7481,پزشک عمومی (General Practice),بزرگسال (پزشک عمومی),02:54:29,03:00:30,6.0,29,,,بررسی آزمایشگاهی آنزیم‌های کبد و پلاکت,شکایت اصلی: پایش عمومی. اظهارات: از اینجا باید بردارید که اینکه باید بردارید که اینکه باید بردارید که اینکه باید بردارید که اینکه بردارید که اینکه بردارید که اینکه بردارید که اینکه بردارید که اینکه بردارید که اینکه بردارید که اینکه بردارید که اینکه بردارید که اینکه بردارید که اینکه بردارید که اینکه بردارید که اینکه بردارید که اینکه بردارید که ا,بررسی آزمایشگاهی آنزیم‌های کبد و پلاکت,نسخه درمانی: توصیه‌های مراقبت بالینی عمومی | پیگیری در صورت عدم بهبود علائم
Session_Full_20260913_231510_1e7481_ENC_10,Session_Full_20260913_231510_1e7481,پزشک عمومی (General Practice),بزرگسال (پزشک عمومی),03:01:30,03:05:44,4.23,20,,,معاینه عمومی و پایش علائم بالینی,شکایت اصلی: پایش عمومی. اظهارات: برای اینکه بیمار بود,معاینه عمومی و پایش علائم بالینی,نسخه درمانی: توصیه‌های مراقبت بالینی عمومی | پیگیری در صورت عدم بهبود علائم
Session_Full_20260913_231510_1e7481_ENC_11,Session_Full_20260913_231510_1e7481,پزشک عمومی (General Practice),کودک / خردسال (مراجعه به عمومی),03:06:50,03:30:30,23.67,92,"تب, پایش رشد و نوزاد",سیتریزین,معاینه عمومی و پایش علائم بالینی,"شکایت اصلی: تب, پایش رشد و نوزاد. اظهارات: از اینجا باید برداری کنید",معاینه عمومی و پایش علائم بالینی,نسخه درمانی: سیتریزین (شربت / قطره خوراکی) - طبق دستور پزشک | پیگیری در صورت عدم بهبود علائم
Session_Full_20260913_231510_1e7481_ENC_12,Session_Full_20260913_231510_1e7481,پزشک عمومی (General Practice),کودک / خردسال (مراجعه به عمومی),03:31:20,04:38:57,67.63,336,"درد بالینی, مشکلات گوارشی, مشکلات پوستی, پایش رشد و نوزاد","سفیکسیم, مترونیدازول, استامینوفن, ایبوپروفن, فاموتیدین, قطره بتامتازون گوش",برفک دهان / آفت نوزادی (Oral Thrush),"شکایت اصلی: درد بالینی, مشکلات گوارشی, مشکلات پوستی, پایش رشد و نوزاد. اظهارات: نه داشت این رو بیرون نمیسم.",برفک دهان / آفت نوزادی (Oral Thrush),نسخه درمانی: سفیکسیم (سوسپانسیون خوراکی (۱۰۰mg/5ml)) - طبق دستور پزشک | مترونیدازول (سوسپانسیون خوراکی) - طبق دستور پزشک | استامینوفن (قطره خوراکی / شربت) - طبق دستور پزشک | پیگیری در صورت عدم بهبود علائم
Session_Full_20260913_231510_1e7481_ENC_13,Session_Full_20260913_231510_1e7481,پزشک عمومی (General Practice),بزرگسال (پزشک عمومی),05:06:27,05:11:22,4.93,9,,ایبوپروفن,معاینه عمومی و پایش علائم بالینی,شکایت اصلی: پایش عمومی. اظهارات: برای چی می‌خواین ماموگرافی کنید؟ از این جهت که آزمایش برسید.,معاینه عمومی و پایش علائم بالینی,نسخه درمانی: ایبوپروفن (شربت سوسپانسیون (۱۰۰mg/5ml)) - طبق دستور پزشک | پیگیری در صورت عدم بهبود علائم
Session_Full_20260913_231510_1e7481_ENC_14,Session_Full_20260913_231510_1e7481,پزشک عمومی (General Practice),کودک / خردسال (مراجعه به عمومی),05:11:46,05:20:02,8.25,34,,سیتریزین,معاینه عمومی و پایش علائم بالینی,شکایت اصلی: پایش عمومی. اظهارات: کفتر پیشمان باز کردن که میشه شرکت رو بزرگ کرد.,معاینه عمومی و پایش علائم بالینی,نسخه درمانی: سیتریزین (شربت / قطره خوراکی) - طبق دستور پزشک | پیگیری در صورت عدم بهبود علائم
Session_Full_20260913_231510_1e7481_ENC_15,Session_Full_20260913_231510_1e7481,پزشک عمومی (General Practice),کودک / خردسال (مراجعه به عمومی),05:21:00,06:06:08,45.13,271,"تب, سرفه و تنفسی, مشکلات گوارشی, مشکلات ادراری",,عفونت تنفسی / برونشیولیت (Bronchiolitis / RTI) | بررسی آزمایشگاهی آنزیم‌های کبد و پلاکت,"شکایت اصلی: تب, سرفه و تنفسی, مشکلات گوارشی, مشکلات ادراری. اظهارات: برنامه باشید.",عفونت تنفسی / برونشیولیت (Bronchiolitis / RTI) | بررسی آزمایشگاهی آنزیم‌های کبد و پلاکت,نسخه درمانی: توصیه‌های مراقبت بالینی عمومی | پیگیری در صورت عدم بهبود علائم
Session_Full_20260913_231510_1e7481_ENC_16,Session_Full_20260913_231510_1e7481,پزشک عمومی (General Practice),کودک / خردسال (مراجعه به عمومی),06:07:48,06:46:08,38.33,164,"سرفه و تنفسی, درد بالینی",ایبوپروفن,عفونت تنفسی / برونشیولیت (Bronchiolitis / RTI) | اوتیت میانی / التهاب گوش (Otitis) | بررسی آزمایشگاهی آنزیم‌های کبد و پلاکت,"شکایت اصلی: سرفه و تنفسی, درد بالینی. اظهارات: خب خارش میدید که تویتون زیاد چرب نیست، پولیپ هم خوبه ولی سنگ کلیه دارید، میوم هم داره که میوم هم که دیگه ریزش کرده یا نکرده این توی دیواره رحم یا تیکه‌گوشت اضافه توی رحم، خطر هم نداره.",عفونت تنفسی / برونشیولیت (Bronchiolitis / RTI) | اوتیت میانی / التهاب گوش (Otitis) | بررسی آزمایشگاهی آنزیم‌های کبد و پلاکت,نسخه درمانی: ایبوپروفن (شربت سوسپانسیون (۱۰۰mg/5ml)) - صبح و شب | پیگیری در صورت عدم بهبود علائم
Session_Full_20260913_231510_1e7481_ENC_17,Session_Full_20260913_231510_1e7481,پزشک عمومی (General Practice),کودک / خردسال (مراجعه به عمومی),06:47:22,07:08:59,21.62,191,تب,شیاف اطفال,معاینه عمومی و پایش علائم بالینی,شکایت اصلی: تب. اظهارات: از اینجا باید بردارید که اینجا بردارید که اینجا بردارید که اینجا بردارید که اینجا بردارید که اینجا بردارید که اینجا بردارید که اینجا بردارید که اینجا بردارید که اینجا بردارید که اینجا بردارید که اینجا بردارید که اینجا بردارید که اینجا بردارید که اینجا بردارید که اینجا بردارید که اینجا بردارید که اینجا بردارید که از خوب صورت فشار...,معاینه عمومی و پایش علائم بالینی,نسخه درمانی: شیاف اطفال (شیاف مقعدی) - در زمان تب بالا هر ۶ ساعت | پیگیری در صورت عدم بهبود علائم
Session_Full_20260914_122450_d7043e_ENC_01,Session_Full_20260914_122450_d7043e,پزشک عمومی (General Practice),بزرگسال (پزشک عمومی),00:07:25,00:13:14,5.82,25,,,معاینه عمومی و پایش علائم بالینی,شکایت اصلی: پایش عمومی. اظهارات: شرح علائم و وضعیت عمومی بیمار در مطب.,معاینه عمومی و پایش علائم بالینی,نسخه درمانی: توصیه‌های مراقبت بالینی عمومی | پیگیری در صورت عدم بهبود علائم
Session_Full_20260914_122450_d7043e_ENC_02,Session_Full_20260914_122450_d7043e,پزشک عمومی (General Practice),کودک / خردسال (مراجعه به عمومی),01:15:00,01:34:34,19.57,158,"تب, سرفه و تنفسی, مشکلات ادراری, پایش رشد و نوزاد, بی‌قراری و خواب",فاموتیدین,عفونت تنفسی / برونشیولیت (Bronchiolitis / RTI),"شکایت اصلی: تب, سرفه و تنفسی, مشکلات ادراری, پایش رشد و نوزاد, بی‌قراری و خواب. اظهارات: خیلی سرفه داریم.",عفونت تنفسی / برونشیولیت (Bronchiolitis / RTI),نسخه درمانی: فاموتیدین (شربت سوسپانسیون / قرص) - یک قاشق | پیگیری در صورت عدم بهبود علائم
Session_Full_20260914_122450_d7043e_ENC_03,Session_Full_20260914_122450_d7043e,پزشک عمومی (General Practice),کودک / خردسال (مراجعه به عمومی),01:35:34,02:07:38,32.08,179,پایش رشد و نوزاد,ایبوپروفن,بررسی آزمایشگاهی آنزیم‌های کبد و پلاکت,شکایت اصلی: پایش رشد و نوزاد. اظهارات: قلبش خیلی ضعیف شده بود، به سی درصد رسیده بود.,بررسی آزمایشگاهی آنزیم‌های کبد و پلاکت,نسخه درمانی: ایبوپروفن (شربت سوسپانسیون (۱۰۰mg/5ml)) - طبق دستور پزشک | پیگیری در صورت عدم بهبود علائم
Session_Full_20260914_122450_d7043e_ENC_04,Session_Full_20260914_122450_d7043e,پزشک عمومی (General Practice),کودک / خردسال (مراجعه به عمومی),02:16:37,02:28:42,12.08,49,"آبریزش و احتقان, درد بالینی, مشکلات پوستی, پایش رشد و نوزاد",,اوتیت میانی / التهاب گوش (Otitis),"شکایت اصلی: آبریزش و احتقان, درد بالینی, مشکلات پوستی, پایش رشد و نوزاد. اظهارات: سلام، حال شما چطور است؟",اوتیت میانی / التهاب گوش (Otitis),نسخه درمانی: توصیه‌های مراقبت بالینی عمومی | پیگیری در صورت عدم بهبود علائم
Session_Full_20260914_122450_d7043e_ENC_05,Session_Full_20260914_122450_d7043e,پزشک عمومی (General Practice),کودک / خردسال (مراجعه به عمومی),02:29:30,02:35:02,5.53,32,,,معاینه عمومی و پایش علائم بالینی,شکایت اصلی: پایش عمومی. اظهارات: پدر دخترم چکاپ رفتی؟ ببینی تیروئید از اینها خوبه؟,معاینه عمومی و پایش علائم بالینی,نسخه درمانی: توصیه‌های مراقبت بالینی عمومی | پیگیری در صورت عدم بهبود علائم
Session_Full_20260914_122450_d7043e_ENC_06,Session_Full_20260914_122450_d7043e,پزشک عمومی (General Practice),کودک / خردسال (مراجعه به عمومی),02:36:30,03:03:06,26.6,117,"درد بالینی, مشکلات گوارشی, پایش رشد و نوزاد",,ریفلاکس معده به مری نوزادی (GERD),"شکایت اصلی: درد بالینی, مشکلات گوارشی, پایش رشد و نوزاد. اظهارات: از اینجا باید برداریم که اینجا باید برداریم.",ریفلاکس معده به مری نوزادی (GERD),نسخه درمانی: توصیه‌های مراقبت بالینی عمومی | پیگیری در صورت عدم بهبود علائم
Session_Full_20260914_122450_d7043e_ENC_07,Session_Full_20260914_122450_d7043e,پزشک عمومی (General Practice),کودک / خردسال (مراجعه به عمومی),03:03:58,03:47:40,43.7,300,"درد بالینی, مشکلات گوارشی, مشکلات ادراری, مشکلات پوستی, پایش رشد و نوزاد",ایبوپروفن,عفونت تنفسی / برونشیولیت (Bronchiolitis / RTI),"شکایت اصلی: درد بالینی, مشکلات گوارشی, مشکلات ادراری, مشکلات پوستی, پایش رشد و نوزاد. اظهارات: چون اونوز گفتیم که اونوز همه زن که امش به سلیمان مدتر در کمک زخیده نکرده در اون مورد همه زن امورد شانسی زنیدم.",عفونت تنفسی / برونشیولیت (Bronchiolitis / RTI),نسخه درمانی: ایبوپروفن (شربت سوسپانسیون (۱۰۰mg/5ml)) - هر هشت ساعت | پیگیری در صورت عدم بهبود علائم
Session_Full_20260914_122450_d7043e_ENC_08,Session_Full_20260914_122450_d7043e,پزشک عمومی (General Practice),کودک / خردسال (مراجعه به عمومی),03:50:00,04:41:29,51.5,279,بی‌قراری و خواب,"آموکسی‌سیلین, ایبوپروفن",اوتیت میانی / التهاب گوش (Otitis) | بررسی آزمایشگاهی آنزیم‌های کبد و پلاکت,شکایت اصلی: بی‌قراری و خواب. اظهارات: از اینجا، با اینکه از اینجا، با اینکه از اینجا...,اوتیت میانی / التهاب گوش (Otitis) | بررسی آزمایشگاهی آنزیم‌های کبد و پلاکت,نسخه درمانی: آموکسی‌سیلین (سوسپانسیون خوراکی (۱۲۵/۲۵۰mg)) - طبق دستور پزشک | ایبوپروفن (شربت سوسپانسیون (۱۰۰mg/5ml)) - طبق دستور پزشک | پیگیری در صورت عدم بهبود علائم
Session_Full_20260914_122450_d7043e_ENC_09,Session_Full_20260914_122450_d7043e,پزشک عمومی (General Practice),کودک / خردسال (مراجعه به عمومی),05:10:30,05:23:20,12.83,41,,,معاینه عمومی و پایش علائم بالینی,شکایت اصلی: پایش عمومی. اظهارات: بچه‌ها، منم بگو تو تا یکم رو نمیدیم سلام، بسا نمیشیم خیر بخش، بگم که این اساس ادیش، اساس بیزه خود بزنم ند آقای شکلون میرد، عرضش کن من براش آساکس میزنم باشه منش سوی خود بزنم,معاینه عمومی و پایش علائم بالینی,نسخه درمانی: توصیه‌های مراقبت بالینی عمومی | پیگیری در صورت عدم بهبود علائم
Session_Full_20260914_122450_d7043e_ENC_10,Session_Full_20260914_122450_d7043e,پزشک عمومی (General Practice),کودک / خردسال (مراجعه به عمومی),05:24:16,06:25:52,61.6,305,"مشکلات پوستی, پایش رشد و نوزاد","سیتریزین, قطره سیپروفلوکساسین گوش",بررسی آزمایشگاهی آنزیم‌های کبد و پلاکت,"شکایت اصلی: مشکلات پوستی, پایش رشد و نوزاد. اظهارات: بیشتر بیشتر بیشتر بیشتر بیشتر بیشتر بیشتر بیشتر بیشتر بیشتر بیشتر بیشتر بیشتر بیشتر بیشتر بیشتر بیشتر بیشتر بیشتر بیشتر بیشتر بیشتر بیشتر بیشتر بیشتر بیشتر بیشتر بیشتر بیشتر بیشتر بیشتر بیشتر بیشتر بیشتر بیشتر بیشتر بیشتر بیشتر بیشتر بیشتر بیشتر بیشتر بیشتر بیشتر...",بررسی آزمایشگاهی آنزیم‌های کبد و پلاکت,نسخه درمانی: سیتریزین (شربت / قطره خوراکی) - ۲۰۰ سی‌سی | قطره سیپروفلوکساسین گوش (قطره گوشی ۰.۳٪) - هر دوازده ساعت | پیگیری در صورت عدم بهبود علائم
Session_Full_20260914_122450_d7043e_ENC_11,Session_Full_20260914_122450_d7043e,پزشک عمومی (General Practice),بزرگسال (پزشک عمومی),06:26:44,06:31:45,5.02,21,,,معاینه عمومی و پایش علائم بالینی,شکایت اصلی: پایش عمومی. اظهارات: اینکه دختر از کلی گلچی با آزمایش‌شون نیست.,معاینه عمومی و پایش علائم بالینی,نسخه درمانی: توصیه‌های مراقبت بالینی عمومی | پیگیری در صورت عدم بهبود علائم
Session_Full_20260914_122450_d7043e_ENC_12,Session_Full_20260914_122450_d7043e,پزشک عمومی (General Practice),کودک / خردسال (مراجعه به عمومی),06:32:09,06:41:42,9.55,61,تب,,معاینه عمومی و پایش علائم بالینی,شکایت اصلی: تب. اظهارات: بیا ببینم ببخشید میشه بیایی ببینم چله خوانده تو ببینم چله بیانم نه خوشم ببینم بزرگه.,معاینه عمومی و پایش علائم بالینی,نسخه درمانی: توصیه‌های مراقبت بالینی عمومی | پیگیری در صورت عدم بهبود علائم
Session_Full_20260914_142958_407639_ENC_01,Session_Full_20260914_142958_407639,پزشک عمومی (General Practice),کودک / خردسال (مراجعه به عمومی),00:55:30,01:15:02,19.53,110,,"ایبوپروفن, قطره مولتی‌ویتامین و آ+د",معاینه عمومی و پایش علائم بالینی,شکایت اصلی: پایش عمومی. اظهارات: باشیم و هم تشکر کنیم بابت زحمات‌تان.,معاینه عمومی و پایش علائم بالینی,نسخه درمانی: ایبوپروفن (شربت سوسپانسیون (۱۰۰mg/5ml)) - طبق دستور پزشک | قطره مولتی‌ویتامین و آ+د (قطره خوراکی) - طبق دستور پزشک | پیگیری در صورت عدم بهبود علائم
Session_Full_20260914_142958_407639_ENC_02,Session_Full_20260914_142958_407639,پزشک عمومی (General Practice),بزرگسال (پزشک عمومی),01:16:00,01:22:51,6.86,31,پایش رشد و نوزاد,,اوتیت میانی / التهاب گوش (Otitis),شکایت اصلی: پایش رشد و نوزاد. اظهارات: خانم دکتر، هر چند وقت اینجام درد می‌گیرد، آب می‌خورند، وایه نیستند بلکه چند تا سوزنم هم اینجام رو می‌کنند.,اوتیت میانی / التهاب گوش (Otitis),نسخه درمانی: توصیه‌های مراقبت بالینی عمومی | پیگیری در صورت عدم بهبود علائم
Session_Full_20260914_142958_407639_ENC_03,Session_Full_20260914_142958_407639,پزشک عمومی (General Practice),کودک / خردسال (مراجعه به عمومی),01:31:20,02:49:50,78.5,498,"سرفه و تنفسی, درد بالینی, مشکلات گوارشی, مشکلات ادراری, پایش رشد و نوزاد, بی‌قراری و خواب","کتوتیفن, امپرازول, اسومپرازول, فاموتیدین",عفونت تنفسی / برونشیولیت (Bronchiolitis / RTI) | اوتیت میانی / التهاب گوش (Otitis) | بررسی آزمایشگاهی آنزیم‌های کبد و پلاکت,"شکایت اصلی: سرفه و تنفسی, درد بالینی, مشکلات گوارشی, مشکلات ادراری, پایش رشد و نوزاد, بی‌قراری و خواب. اظهارات: یه تونه نو خریدم.",عفونت تنفسی / برونشیولیت (Bronchiolitis / RTI) | اوتیت میانی / التهاب گوش (Otitis) | بررسی آزمایشگاهی آنزیم‌های کبد و پلاکت,نسخه درمانی: کتوتیفن (شربت خوراکی) - صبح و شب | امپرازول (ساشه پودر خوراکی / کپسول میکروگرانول) - صبح و شب | اسومپرازول (ساشه گرانول پودری) - صبح و شب | پیگیری در صورت عدم بهبود علائم
Session_Full_20260914_142958_407639_ENC_04,Session_Full_20260914_142958_407639,پزشک عمومی (General Practice),کودک / خردسال (مراجعه به عمومی),02:50:50,03:59:30,68.67,375,"تب, درد بالینی, مشکلات ادراری, مشکلات پوستی, پایش رشد و نوزاد, بی‌قراری و خواب",,بررسی آزمایشگاهی آنزیم‌های کبد و پلاکت,"شکایت اصلی: تب, درد بالینی, مشکلات ادراری, مشکلات پوستی, پایش رشد و نوزاد, بی‌قراری و خواب. اظهارات: خیلی کار بدی می‌کنی آقای... تا وقتی نرفتی دکتر، پردنیزولونتو که بخور دیگه.",بررسی آزمایشگاهی آنزیم‌های کبد و پلاکت,نسخه درمانی: توصیه‌های مراقبت بالینی عمومی | پیگیری در صورت عدم بهبود علائم
Session_Full_20260914_142958_407639_ENC_05,Session_Full_20260914_142958_407639,پزشک عمومی (General Practice),کودک / خردسال (مراجعه به عمومی),04:11:41,04:53:21,41.68,275,"سرفه و تنفسی, مشکلات ادراری, مشکلات پوستی, پایش رشد و نوزاد","مترونیدازول, شیاف دیکلوفناک, قطره سیپروفلوکساسین گوش",بررسی آزمایشگاهی آنزیم‌های کبد و پلاکت,"شکایت اصلی: سرفه و تنفسی, مشکلات ادراری, مشکلات پوستی, پایش رشد و نوزاد. اظهارات: خیلی شریف در ردش خواهد اول بزن دارو استفاده کنن اگر بهتر نشده اون رو می‌تونیم بهتر تزیر کنیم بهتر می‌شن موقعت دیگه اما اگر ببینم با این دارو بهتر تزیر کنیم الان بهتر می‌شن اون چه بهتر می‌شن این باید به آخری وقتی مجبور شد مریض بعد مادر شما حتماً باید تقویتی مفاصل بخورد خیلی بهتر می‌شن توقع به خود بهتر می‌شن از شده قطعه نیست نداره با شما؟ خشتم چی شده؟ چون نه برای خونم رو من نبای کردم با ۳ تا ۵ رو از این رو دارم ۱ تا ۳ رفته باطبا خوب برنامه.",بررسی آزمایشگاهی آنزیم‌های کبد و پلاکت,نسخه درمانی: مترونیدازول (سوسپانسیون خوراکی) - صبح و شب | شیاف دیکلوفناک (شیاف (۵۰mg / ۱۰۰mg)) - صبح و شب | قطره سیپروفلوکساسین گوش (قطره گوشی ۰.۳٪) - صبح و شب | پیگیری در صورت عدم بهبود علائم
Session_Full_20260914_142958_407639_ENC_06,Session_Full_20260914_142958_407639,پزشک عمومی (General Practice),بزرگسال (پزشک عمومی),05:24:26,05:55:26,31.0,203,"سرفه و تنفسی, درد بالینی, پایش رشد و نوزاد",,عفونت تنفسی / برونشیولیت (Bronchiolitis / RTI) | اوتیت میانی / التهاب گوش (Otitis) | بررسی آزمایشگاهی آنزیم‌های کبد و پلاکت,"شکایت اصلی: سرفه و تنفسی, درد بالینی, پایش رشد و نوزاد. اظهارات: از اینجا باید برداشت کنیم، امیدوارم که برداشت کنیم.",عفونت تنفسی / برونشیولیت (Bronchiolitis / RTI) | اوتیت میانی / التهاب گوش (Otitis) | بررسی آزمایشگاهی آنزیم‌های کبد و پلاکت,نسخه درمانی: توصیه‌های مراقبت بالینی عمومی | پیگیری در صورت عدم بهبود علائم
Session_Full_20260914_142958_407639_ENC_07,Session_Full_20260914_142958_407639,پزشک عمومی (General Practice),کودک / خردسال (مراجعه به عمومی),05:56:26,06:13:29,17.05,103,"تب, مشکلات ادراری",,عفونت ویروسی حاد (Viral Infection) | عفونت تنفسی / برونشیولیت (Bronchiolitis / RTI) | بررسی آزمایشگاهی آنزیم‌های کبد و پلاکت,"شکایت اصلی: تب, مشکلات ادراری. اظهارات: خوش کن و مامان با غذا با قصد و مددی بخورن که معده‌شون اذیت نشد اما دوتا از ماشین‌اش بدارن؟ دستی تیزکن برو، اول برستی تیزکن، اگه باز لازم شد می‌مونیم دستی تیزکن؟ نه پس‌رانگاره، دنجان؟",عفونت ویروسی حاد (Viral Infection) | عفونت تنفسی / برونشیولیت (Bronchiolitis / RTI) | بررسی آزمایشگاهی آنزیم‌های کبد و پلاکت,نسخه درمانی: توصیه‌های مراقبت بالینی عمومی | پیگیری در صورت عدم بهبود علائم
Session_Full_20260914_142958_407639_ENC_08,Session_Full_20260914_142958_407639,پزشک عمومی (General Practice),بزرگسال (پزشک عمومی),06:18:08,06:30:29,12.37,51,"درد بالینی, مشکلات گوارشی",,معاینه عمومی و پایش علائم بالینی,"شکایت اصلی: درد بالینی, مشکلات گوارشی. اظهارات: نه.",معاینه عمومی و پایش علائم بالینی,نسخه درمانی: توصیه‌های مراقبت بالینی عمومی | پیگیری در صورت عدم بهبود علائم
Session_Full_20260914_142958_407639_ENC_09,Session_Full_20260914_142958_407639,پزشک عمومی (General Practice),کودک / خردسال (مراجعه به عمومی),06:31:20,06:38:45,7.42,34,"سرفه و تنفسی, درد بالینی",,عفونت تنفسی / برونشیولیت (Bronchiolitis / RTI),"شکایت اصلی: سرفه و تنفسی, درد بالینی. اظهارات: از اینجا باید بردارید که اینکه باید بردارید که اینکه باید برداری...",عفونت تنفسی / برونشیولیت (Bronchiolitis / RTI),نسخه درمانی: توصیه‌های مراقبت بالینی عمومی | پیگیری در صورت عدم بهبود علائم
Session_Full_20260914_142958_407639_ENC_10,Session_Full_20260914_142958_407639,پزشک عمومی (General Practice),بزرگسال (پزشک عمومی),06:39:45,06:44:26,4.69,37,"سرفه و تنفسی, مشکلات ادراری, پایش رشد و نوزاد",شربت خوراکی اطفال,عفونت تنفسی / برونشیولیت (Bronchiolitis / RTI),"شکایت اصلی: سرفه و تنفسی, مشکلات ادراری, پایش رشد و نوزاد. اظهارات: کارتونش چی است؟",عفونت تنفسی / برونشیولیت (Bronchiolitis / RTI),نسخه درمانی: شربت خوراکی اطفال (شربت خوراکی) - طبق دستور پزشک | پیگیری در صورت عدم بهبود علائم
Session_Full_20260914_165019_ae322f_ENC_01,Session_Full_20260914_165019_ae322f,پزشک عمومی (General Practice),کودک / خردسال (مراجعه به عمومی),00:28:36,00:37:46,9.18,49,,,معاینه عمومی و پایش علائم بالینی,شکایت اصلی: پایش عمومی. اظهارات: از اینجا باید بردارید که اینجا قرار داره تأیید قرار داره؟ آره,معاینه عمومی و پایش علائم بالینی,نسخه درمانی: توصیه‌های مراقبت بالینی عمومی | پیگیری در صورت عدم بهبود علائم
Session_Full_20260914_165019_ae322f_ENC_02,Session_Full_20260914_165019_ae322f,پزشک عمومی (General Practice),کودک / خردسال (مراجعه به عمومی),00:39:57,00:51:16,11.3,86,,,اوتیت میانی / التهاب گوش (Otitis),شکایت اصلی: پایش عمومی. اظهارات: بگم یه بیمه تأمین اومده میده که سونوگرافی رحم و تخمدان و واژن‌ها رو میخواد. خب من سرچ کردم توی تأمین زده سونوگرافی ترانس‌واژینال لگن، رحم و تخمدان، همین میشه؟,اوتیت میانی / التهاب گوش (Otitis),نسخه درمانی: توصیه‌های مراقبت بالینی عمومی | پیگیری در صورت عدم بهبود علائم
Session_Full_20260914_165019_ae322f_ENC_03,Session_Full_20260914_165019_ae322f,پزشک عمومی (General Practice),کودک / خردسال (مراجعه به عمومی),01:15:00,01:43:48,28.82,204,"درد بالینی, مشکلات گوارشی, پایش رشد و نوزاد","امپرازول, اسومپرازول",اوتیت میانی / التهاب گوش (Otitis) | بررسی آزمایشگاهی آنزیم‌های کبد و پلاکت,"شکایت اصلی: درد بالینی, مشکلات گوارشی, پایش رشد و نوزاد. اظهارات: چیه گوشی؟",اوتیت میانی / التهاب گوش (Otitis) | بررسی آزمایشگاهی آنزیم‌های کبد و پلاکت,نسخه درمانی: امپرازول (ساشه پودر خوراکی / کپسول میکروگرانول) - دو قاشق | اسومپرازول (ساشه گرانول پودری) - دو قاشق | پیگیری در صورت عدم بهبود علائم
Session_Full_20260914_165019_ae322f_ENC_04,Session_Full_20260914_165019_ae322f,پزشک عمومی (General Practice),کودک / خردسال (مراجعه به عمومی),02:01:16,02:32:13,30.94,139,"تب, سرفه و تنفسی, مشکلات گوارشی, مشکلات ادراری",,ریفلاکس معده به مری نوزادی (GERD) | عفونت تنفسی / برونشیولیت (Bronchiolitis / RTI) | بررسی آزمایشگاهی آنزیم‌های کبد و پلاکت,"شکایت اصلی: تب, سرفه و تنفسی, مشکلات گوارشی, مشکلات ادراری. اظهارات: باید برداریم که اینجا باید برداریم.",ریفلاکس معده به مری نوزادی (GERD) | عفونت تنفسی / برونشیولیت (Bronchiolitis / RTI) | بررسی آزمایشگاهی آنزیم‌های کبد و پلاکت,نسخه درمانی: توصیه‌های مراقبت بالینی عمومی | پیگیری در صورت عدم بهبود علائم
Session_Full_20260914_165019_ae322f_ENC_05,Session_Full_20260914_165019_ae322f,پزشک عمومی (General Practice),کودک / خردسال (مراجعه به عمومی),02:33:18,03:55:52,82.57,485,"سرفه و تنفسی, مشکلات گوارشی, مشکلات ادراری, مشکلات پوستی, پایش رشد و نوزاد","استامینوفن, ایبوپروفن, شیاف دیکلوفناک",عفونت تنفسی / برونشیولیت (Bronchiolitis / RTI) | برفک دهان / آفت نوزادی (Oral Thrush) | بررسی آزمایشگاهی آنزیم‌های کبد و پلاکت,"شکایت اصلی: سرفه و تنفسی, مشکلات گوارشی, مشکلات ادراری, مشکلات پوستی, پایش رشد و نوزاد. اظهارات: کیف رو گرفتیم؟",عفونت تنفسی / برونشیولیت (Bronchiolitis / RTI) | برفک دهان / آفت نوزادی (Oral Thrush) | بررسی آزمایشگاهی آنزیم‌های کبد و پلاکت,نسخه درمانی: استامینوفن (قطره خوراکی / شربت) - صبح و شب | ایبوپروفن (شربت سوسپانسیون (۱۰۰mg/5ml)) - صبح و شب | شیاف دیکلوفناک (شیاف (۵۰mg / ۱۰۰mg)) - صبح و شب | پیگیری در صورت عدم بهبود علائم
Session_Full_20260914_165019_ae322f_ENC_06,Session_Full_20260914_165019_ae322f,پزشک عمومی (General Practice),کودک / خردسال (مراجعه به عمومی),03:56:28,04:45:00,48.53,268,"تب, آبریزش و احتقان, مشکلات گوارشی, مشکلات ادراری, پایش رشد و نوزاد, بی‌قراری و خواب","امپرازول, اسومپرازول, فاموتیدین, قطره سیپروفلوکساسین گوش",عفونت مجاری ادراری (UTI) | اوتیت میانی / التهاب گوش (Otitis) | بررسی آزمایشگاهی آنزیم‌های کبد و پلاکت,"شکایت اصلی: تب, آبریزش و احتقان, مشکلات گوارشی, مشکلات ادراری, پایش رشد و نوزاد, بی‌قراری و خواب. اظهارات: آره دیگه برای میگه این مستر روز دارم می‌گم سلام بزنم بیا آدم خب این اله هم حامله که می‌تونه باشه نه حالتش یه تست می‌ده می‌گه حامله نیستی دیگه بیشتر از اینکه نیست که تو تنبک دارو تو نگیری تا جواب تستت نگه چون تست بارداری شاید چیز جلوتو بار داری ممنون.",عفونت مجاری ادراری (UTI) | اوتیت میانی / التهاب گوش (Otitis) | بررسی آزمایشگاهی آنزیم‌های کبد و پلاکت,نسخه درمانی: امپرازول (ساشه پودر خوراکی / کپسول میکروگرانول) - طبق دستور پزشک | اسومپرازول (ساشه گرانول پودری) - طبق دستور پزشک | فاموتیدین (شربت سوسپانسیون / قرص) - طبق دستور پزشک | پیگیری در صورت عدم بهبود علائم
Session_Full_20260914_165019_ae322f_ENC_07,Session_Full_20260914_165019_ae322f,پزشک عمومی (General Practice),بزرگسال (پزشک عمومی),04:45:50,04:52:59,7.17,9,بی‌قراری و خواب,,معاینه عمومی و پایش علائم بالینی,شکایت اصلی: بی‌قراری و خواب. اظهارات: از این مورده بیمار، از اونو خود آهانو بهت بستم. اولاً که بهت دادم بلافاصله یک ماه بعدش ماهی یه دونه بخورم. چون اصلاً نمی‌خورده بزرگ. بی‌حالی خیلی شدید دارم، اصلاً اولاً که دیگه مریض شدم. من یه کار می‌دونستم، اگر خوب نشدید هم‌جور بی‌حالی، حتماً برای آزمایش باشید. باش. تا مهم گردم.,معاینه عمومی و پایش علائم بالینی,نسخه درمانی: توصیه‌های مراقبت بالینی عمومی | پیگیری در صورت عدم بهبود علائم
Session_Full_20260914_165019_ae322f_ENC_08,Session_Full_20260914_165019_ae322f,پزشک عمومی (General Practice),کودک / خردسال (مراجعه به عمومی),05:20:20,05:50:02,29.7,165,"تب, مشکلات ادراری, مشکلات پوستی, بی‌قراری و خواب",قطره سیپروفلوکساسین گوش,بررسی آزمایشگاهی آنزیم‌های کبد و پلاکت,"شکایت اصلی: تب, مشکلات ادراری, مشکلات پوستی, بی‌قراری و خواب. اظهارات: اون ریزش رو برده، می‌تونم...",بررسی آزمایشگاهی آنزیم‌های کبد و پلاکت,نسخه درمانی: قطره سیپروفلوکساسین گوش (قطره گوشی ۰.۳٪) - هر دو ساعت | پیگیری در صورت عدم بهبود علائم
Session_Full_20260914_184411_64a0ab_ENC_01,Session_Full_20260914_184411_64a0ab,متخصص اطفال (Pediatrics),کودک / خردسال (۱ تا ۱۲ سال),01:20:00,01:33:59,13.99,68,,,معاینه عمومی و پایش علائم بالینی,شکایت اصلی: پایش عمومی. اظهارات: در خصوص شرح حال و علائم، وضعیت بهتر است اما مشکلاتی وجود دارد.,معاینه عمومی و پایش علائم بالینی,نسخه درمانی: توصیه‌های مراقبت بالینی عمومی | پیگیری در صورت عدم بهبود علائم
Session_Full_20260914_184411_64a0ab_ENC_02,Session_Full_20260914_184411_64a0ab,متخصص اطفال (Pediatrics),کودک / خردسال (۱ تا ۱۲ سال),01:37:40,01:46:57,9.29,42,,ایبوپروفن,معاینه عمومی و پایش علائم بالینی,شکایت اصلی: پایش عمومی. اظهارات: می‌گفت بسازی و بعد یه و یه و یه.,معاینه عمومی و پایش علائم بالینی,نسخه درمانی: ایبوپروفن (شربت سوسپانسیون (۱۰۰mg/5ml)) - طبق دستور پزشک | پیگیری در صورت عدم بهبود علائم
Session_Full_20260914_184411_64a0ab_ENC_03,Session_Full_20260914_184411_64a0ab,متخصص اطفال (Pediatrics),کودک / خردسال (۱ تا ۱۲ سال),01:52:40,01:56:45,4.1,20,تب,,معاینه عمومی و پایش علائم بالینی,شکایت اصلی: تب. اظهارات: از اینکه سطح ماست سمن سر ردار دارد.,معاینه عمومی و پایش علائم بالینی,نسخه درمانی: توصیه‌های مراقبت بالینی عمومی | پیگیری در صورت عدم بهبود علائم
Session_Full_20260914_184411_64a0ab_ENC_04,Session_Full_20260914_184411_64a0ab,متخصص اطفال (Pediatrics),نوزاد / شیرخوار (زیر ۱ سال),02:31:20,02:58:53,27.55,74,"تب, مشکلات ادراری, پایش رشد و نوزاد",,معاینه عمومی و پایش علائم بالینی,"شکایت اصلی: تب, مشکلات ادراری, پایش رشد و نوزاد. اظهارات: درسته مردم در اینجا.",معاینه عمومی و پایش علائم بالینی,نسخه درمانی: توصیه‌های مراقبت بالینی عمومی | پیگیری در صورت عدم بهبود علائم
Session_Full_20260914_184411_64a0ab_ENC_05,Session_Full_20260914_184411_64a0ab,متخصص اطفال (Pediatrics),نوزاد / شیرخوار (زیر ۱ سال),03:00:00,03:16:59,17.0,32,"تب, پایش رشد و نوزاد, بی‌قراری و خواب",قطره دایمتیکون,اوتیت میانی / التهاب گوش (Otitis),"شکایت اصلی: تب, پایش رشد و نوزاد, بی‌قراری و خواب. اظهارات: از این مقارنی نرماق بچه که اتنا ترشح کرده که الان بیدار نمیشه ولی مخ‌اش برید. بچه که بیدار نمیشه دو تا تشکیل سطحی که او کنند را خواهد دوبی حاله، دوی که خسر است و دیدار خواهد داشته بیشتر اونکبوده خواهد خواهد دارد. چون معایناتش خوبه، فقط بندش رو یک طرف تا کشون بیرونه. برای این لرزش، تب‌بر، بی‌قراری، یه سه چهار روز شیرخشک باید بچشید. آره آره، باید دیگه در درد درد دیگه نکشیده که شنگه از این روز رو بخوره. و یک بسیاری منوی به در دوزیدید که یک سی‌سی آب بریزید، سه ساعتش باشید. چون از به صدایی کنه روز، یادمونی از رفتی دید هر چی قدر بگیر و خواهد بشه به جان و یه مدیره اینجا رو جمع کنه که جان مقداری هیچ‌قدر بخوره مستقیماً بخوره که این بسیاری بخوره یکی اون مادر داره، در صورت بیقراری‌اش داره، ادرارش ممکن است صورتی نارنجی بشه، یکی کم بخوره نگین بشه از اینکه این بیشتر باید برداشت باشه.",اوتیت میانی / التهاب گوش (Otitis),نسخه درمانی: قطره دایمتیکون (قطره خوراکی ضد نفخ) - یک سی‌سی | پیگیری در صورت عدم بهبود علائم
Session_Full_20260914_184411_64a0ab_ENC_06,Session_Full_20260914_184411_64a0ab,متخصص اطفال (Pediatrics),کودک / خردسال (۱ تا ۱۲ سال),03:31:30,04:08:49,37.33,17,,,معاینه عمومی و پایش علائم بالینی,شکایت اصلی: پایش عمومی. اظهارات: [موزیک پس‌زمینه در مطب پزشکی],معاینه عمومی و پایش علائم بالینی,نسخه درمانی: توصیه‌های مراقبت بالینی عمومی | پیگیری در صورت عدم بهبود علائم
Session_Full_20260914_184411_64a0ab_ENC_07,Session_Full_20260914_184411_64a0ab,متخصص اطفال (Pediatrics),کودک / خردسال (۱ تا ۱۲ سال),04:11:00,04:38:59,28.0,120,"تب, مشکلات پوستی, پایش رشد و نوزاد","شربت خوراکی اطفال, قطره موضعی / خوراکی",اوتیت میانی / التهاب گوش (Otitis),"شکایت اصلی: تب, مشکلات پوستی, پایش رشد و نوزاد. اظهارات: از اینجا باید بگیرم که اینجا که چی هست مامان",اوتیت میانی / التهاب گوش (Otitis),نسخه درمانی: شربت خوراکی اطفال (شربت خوراکی) - طبق دستور پزشک | قطره موضعی / خوراکی (قطره) - طبق دستور پزشک | پیگیری در صورت عدم بهبود علائم
Session_Full_20260914_184411_64a0ab_ENC_08,Session_Full_20260914_184411_64a0ab,متخصص اطفال (Pediatrics),کودک / خردسال (۱ تا ۱۲ سال),05:12:34,05:18:29,5.93,6,,,معاینه عمومی و پایش علائم بالینی,شکایت اصلی: پایش عمومی. اظهارات: موسیقی در پس‌زمینه...,معاینه عمومی و پایش علائم بالینی,نسخه درمانی: توصیه‌های مراقبت بالینی عمومی | پیگیری در صورت عدم بهبود علائم
Session_Full_20260914_184411_64a0ab_ENC_09,Session_Full_20260914_184411_64a0ab,متخصص اطفال (Pediatrics),کودک / خردسال (۱ تا ۱۲ سال),07:15:00,07:28:51,13.86,24,,,معاینه عمومی و پایش علائم بالینی,شکایت اصلی: پایش عمومی. اظهارات: موسیقی در پس‌زمینه.,معاینه عمومی و پایش علائم بالینی,نسخه درمانی: توصیه‌های مراقبت بالینی عمومی | پیگیری در صورت عدم بهبود علائم
Session_Full_20260914_184411_64a0ab_ENC_10,Session_Full_20260914_184411_64a0ab,متخصص اطفال (Pediatrics),نوزاد / شیرخوار (زیر ۱ سال),07:31:00,07:42:29,11.5,33,"تب, مشکلات گوارشی","شربت خوراکی اطفال, قطره موضعی / خوراکی",معاینه عمومی و پایش علائم بالینی,"شکایت اصلی: تب, مشکلات گوارشی. اظهارات: برای شیر خشک، دیگر هفته‌ای یک قوطی بیشتر مصرف نمی‌کند.",معاینه عمومی و پایش علائم بالینی,نسخه درمانی: شربت خوراکی اطفال (شربت خوراکی) - یک سی‌سی | قطره موضعی / خوراکی (قطره) - یک سی‌سی | پیگیری در صورت عدم بهبود علائم
Session_Full_20260914_184411_64a0ab_ENC_11,Session_Full_20260914_184411_64a0ab,متخصص اطفال (Pediatrics),نوزاد / شیرخوار (زیر ۱ سال),07:54:58,07:59:57,4.99,21,"تب, مشکلات گوارشی, پایش رشد و نوزاد",,ریفلاکس معده به مری نوزادی (GERD),"شکایت اصلی: تب, مشکلات گوارشی, پایش رشد و نوزاد. اظهارات: گفتگو بین دکتر و بیمار در مطب پزشکی، بررسی داروها، آزمایش‌ها و نسخه.",ریفلاکس معده به مری نوزادی (GERD),نسخه درمانی: توصیه‌های مراقبت بالینی عمومی | پیگیری در صورت عدم بهبود علائم
Session_Full_20260914_205215_10c786_ENC_01,Session_Full_20260914_205215_10c786,متخصص اطفال (Pediatrics),نوزاد / شیرخوار (زیر ۱ سال),00:23:32,00:43:21,19.81,51,"تب, مشکلات گوارشی, مشکلات ادراری, پایش رشد و نوزاد","امپرازول, اسومپرازول",ریفلاکس معده به مری نوزادی (GERD),"شکایت اصلی: تب, مشکلات گوارشی, مشکلات ادراری, پایش رشد و نوزاد. اظهارات: [موزیک زمینه]",ریفلاکس معده به مری نوزادی (GERD),نسخه درمانی: امپرازول (ساشه پودر خوراکی / کپسول میکروگرانول) - نصف سی‌سی | اسومپرازول (ساشه گرانول پودری) - نصف سی‌سی | پیگیری در صورت عدم بهبود علائم
Session_Full_20260914_205215_10c786_ENC_02,Session_Full_20260914_205215_10c786,متخصص اطفال (Pediatrics),کودک / خردسال (۱ تا ۱۲ سال),00:48:10,00:54:25,6.26,7,,شربت خوراکی اطفال,معاینه عمومی و پایش علائم بالینی,شکایت اصلی: پایش عمومی. اظهارات: [موزیک زمینه],معاینه عمومی و پایش علائم بالینی,نسخه درمانی: شربت خوراکی اطفال (شربت خوراکی) - طبق دستور پزشک | پیگیری در صورت عدم بهبود علائم
Session_Full_20260914_205215_10c786_ENC_03,Session_Full_20260914_205215_10c786,متخصص اطفال (Pediatrics),کودک / خردسال (۱ تا ۱۲ سال),00:55:00,01:25:56,30.93,75,"تب, مشکلات گوارشی, پایش رشد و نوزاد","شربت خوراکی اطفال, قطره موضعی / خوراکی",بررسی آزمایشگاهی آنزیم‌های کبد و پلاکت,"شکایت اصلی: تب, مشکلات گوارشی, پایش رشد و نوزاد. اظهارات: [موزیک زمینه]",بررسی آزمایشگاهی آنزیم‌های کبد و پلاکت,نسخه درمانی: شربت خوراکی اطفال (شربت خوراکی) - طبق دستور پزشک | قطره موضعی / خوراکی (قطره) - طبق دستور پزشک | پیگیری در صورت عدم بهبود علائم
Session_Full_20260914_205215_10c786_ENC_04,Session_Full_20260914_205215_10c786,متخصص اطفال (Pediatrics),نوزاد / شیرخوار (زیر ۱ سال),01:44:24,01:57:39,13.27,42,"تب, سرفه و تنفسی, مشکلات گوارشی, پایش رشد و نوزاد",ایبوپروفن,ریفلاکس معده به مری نوزادی (GERD) | عفونت تنفسی / برونشیولیت (Bronchiolitis / RTI),"شکایت اصلی: تب, سرفه و تنفسی, مشکلات گوارشی, پایش رشد و نوزاد. اظهارات: بله، پس دو ماه لازم است و آزمایش مجدد نیاز نیست.",ریفلاکس معده به مری نوزادی (GERD) | عفونت تنفسی / برونشیولیت (Bronchiolitis / RTI),نسخه درمانی: ایبوپروفن (شربت سوسپانسیون (۱۰۰mg/5ml)) - طبق دستور پزشک | پیگیری در صورت عدم بهبود علائم
Session_Full_20260914_205215_10c786_ENC_05,Session_Full_20260914_205215_10c786,متخصص اطفال (Pediatrics),نوزاد / شیرخوار (زیر ۱ سال),01:58:17,02:44:54,46.61,270,"تب, سرفه و تنفسی, آبریزش و احتقان, درد بالینی, مشکلات گوارشی, مشکلات ادراری, پایش رشد و نوزاد",قطره دایمتیکون,ریفلاکس معده به مری نوزادی (GERD) | عفونت تنفسی / برونشیولیت (Bronchiolitis / RTI) | اوتیت میانی / التهاب گوش (Otitis),"شکایت اصلی: تب, سرفه و تنفسی, آبریزش و احتقان, درد بالینی, مشکلات گوارشی, مشکلات ادراری, پایش رشد و نوزاد. اظهارات: او روشه.",ریفلاکس معده به مری نوزادی (GERD) | عفونت تنفسی / برونشیولیت (Bronchiolitis / RTI) | اوتیت میانی / التهاب گوش (Otitis),نسخه درمانی: قطره دایمتیکون (قطره خوراکی ضد نفخ) - ۴۵ سی‌سی | پیگیری در صورت عدم بهبود علائم
Session_Full_20260914_205215_10c786_ENC_06,Session_Full_20260914_205215_10c786,متخصص اطفال (Pediatrics),نوزاد / شیرخوار (زیر ۱ سال),02:50:00,03:23:29,33.5,212,"تب, سرفه و تنفسی, مشکلات گوارشی, مشکلات ادراری, پایش رشد و نوزاد","سفالکسین, کتوتیفن, قطره پدی‌لاکت",عفونت ویروسی حاد (Viral Infection) | ریفلاکس معده به مری نوزادی (GERD) | عفونت تنفسی / برونشیولیت (Bronchiolitis / RTI),"شکایت اصلی: تب, سرفه و تنفسی, مشکلات گوارشی, مشکلات ادراری, پایش رشد و نوزاد. اظهارات: از اینجا، بیمار در مطب پزشکی، داروها، آزمایش و نسخه.",عفونت ویروسی حاد (Viral Infection) | ریفلاکس معده به مری نوزادی (GERD) | عفونت تنفسی / برونشیولیت (Bronchiolitis / RTI),نسخه درمانی: سفالکسین (سوسپانسیون خوراکی (۱۲۵/۲۵۰mg)) - روزی دو بار | کتوتیفن (شربت خوراکی) - روزی دو بار | قطره پدی‌لاکت (قطره خوراکی پروبیوتیک) - روزی دو بار | پیگیری در صورت عدم بهبود علائم
Session_Full_20260914_205215_10c786_ENC_07,Session_Full_20260914_205215_10c786,متخصص اطفال (Pediatrics),کودک / خردسال (۱ تا ۱۲ سال),03:24:30,03:38:00,13.5,75,تب,سفیکسیم,معاینه عمومی و پایش علائم بالینی,شکایت اصلی: تب. اظهارات: مردم‌های از اینجا با اینکه با اینکه...,معاینه عمومی و پایش علائم بالینی,نسخه درمانی: سفیکسیم (سوسپانسیون خوراکی (۱۰۰mg/5ml)) - طبق دستور پزشک | پیگیری در صورت عدم بهبود علائم
Session_Full_20260914_205215_10c786_ENC_08,Session_Full_20260914_205215_10c786,متخصص اطفال (Pediatrics),نوزاد / شیرخوار (زیر ۱ سال),03:41:50,04:17:50,36.0,124,"تب, سرفه و تنفسی, آبریزش و احتقان, مشکلات گوارشی, پایش رشد و نوزاد","پماد هیدروکورتیزون, پماد کالاندولا",عفونت تنفسی / برونشیولیت (Bronchiolitis / RTI),"شکایت اصلی: تب, سرفه و تنفسی, آبریزش و احتقان, مشکلات گوارشی, پایش رشد و نوزاد. اظهارات: معمولاً دینیش گرفته نه صافر دفتر دفتر یه دیتر گفتر کنن.",عفونت تنفسی / برونشیولیت (Bronchiolitis / RTI),نسخه درمانی: پماد هیدروکورتیزون (پماد موضعی ۱٪) - یک سی‌سی | پماد کالاندولا (پماد موضعی گیاهی) - یک سی‌سی | پیگیری در صورت عدم بهبود علائم
Session_Full_20260914_205215_10c786_ENC_09,Session_Full_20260914_205215_10c786,متخصص اطفال (Pediatrics),کودک / خردسال (۱ تا ۱۲ سال),06:31:57,06:35:29,3.55,4,,,معاینه عمومی و پایش علائم بالینی,شکایت اصلی: پایش عمومی. اظهارات: ادامه مکالمه در مطب.,معاینه عمومی و پایش علائم بالینی,نسخه درمانی: توصیه‌های مراقبت بالینی عمومی | پیگیری در صورت عدم بهبود علائم
Session_Full_20260914_205215_10c786_ENC_10,Session_Full_20260914_205215_10c786,متخصص اطفال (Pediatrics),کودک / خردسال (۱ تا ۱۲ سال),06:36:28,06:51:59,15.53,26,,قطره پدی‌لاکت,معاینه عمومی و پایش علائم بالینی,شکایت اصلی: پایش عمومی. اظهارات: در حال صحبت درباره مسائل پزشکی و دارویی.,معاینه عمومی و پایش علائم بالینی,نسخه درمانی: قطره پدی‌لاکت (قطره خوراکی پروبیوتیک) - طبق دستور پزشک | پیگیری در صورت عدم بهبود علائم
Session_Full_20260914_205215_10c786_ENC_11,Session_Full_20260914_205215_10c786,متخصص اطفال (Pediatrics),کودک / خردسال (۱ تا ۱۲ سال),07:21:00,07:33:29,12.5,14,تب,,معاینه عمومی و پایش علائم بالینی,شکایت اصلی: تب. اظهارات: سلام، پدران شمسی از سرمانمونم از تیم اومان ای از حدیثی به اپلیکیشن شد چون برای سطحی شمسی زمان موقع فراموش بیشتر ایزم.,معاینه عمومی و پایش علائم بالینی,نسخه درمانی: توصیه‌های مراقبت بالینی عمومی | پیگیری در صورت عدم بهبود علائم
Session_Full_20260914_221934_3a66c4_ENC_01,Session_Full_20260914_221934_3a66c4,متخصص اطفال (Pediatrics),کودک / خردسال (۱ تا ۱۲ سال),00:03:22,00:09:50,6.47,6,,,معاینه عمومی و پایش علائم بالینی,شکایت اصلی: پایش عمومی. اظهارات: توی مراقبت‌ها داشت دیگه,معاینه عمومی و پایش علائم بالینی,نسخه درمانی: توصیه‌های مراقبت بالینی عمومی | پیگیری در صورت عدم بهبود علائم
Session_Full_20260914_221934_3a66c4_ENC_02,Session_Full_20260914_221934_3a66c4,متخصص اطفال (Pediatrics),کودک / خردسال (۱ تا ۱۲ سال),00:11:30,00:28:17,16.79,80,"تب, سرفه و تنفسی, مشکلات ادراری, پایش رشد و نوزاد","استامینوفن, شیاف استامینوفن, قطره مولتی‌ویتامین و آ+د",عفونت ویروسی حاد (Viral Infection) | عفونت مجاری ادراری (UTI) | عفونت تنفسی / برونشیولیت (Bronchiolitis / RTI),"شکایت اصلی: تب, سرفه و تنفسی, مشکلات ادراری, پایش رشد و نوزاد. اظهارات: بخواهید بخواهید",عفونت ویروسی حاد (Viral Infection) | عفونت مجاری ادراری (UTI) | عفونت تنفسی / برونشیولیت (Bronchiolitis / RTI),نسخه درمانی: استامینوفن (قطره خوراکی / شربت) - روزی سه بار | شیاف استامینوفن (شیاف اطفال (۱۲۵mg / ۳۲۵mg)) - روزی سه بار | قطره مولتی‌ویتامین و آ+د (قطره خوراکی) - روزی سه بار | پیگیری در صورت عدم بهبود علائم
Session_Full_20260914_221934_3a66c4_ENC_03,Session_Full_20260914_221934_3a66c4,متخصص اطفال (Pediatrics),کودک / خردسال (۱ تا ۱۲ سال),00:29:07,00:41:56,12.82,69,"تب, مشکلات گوارشی",قطره آهن (فروس سولفات),معاینه عمومی و پایش علائم بالینی,"شکایت اصلی: تب, مشکلات گوارشی. اظهارات: تو نشون بده.",معاینه عمومی و پایش علائم بالینی,نسخه درمانی: قطره آهن (فروس سولفات) (قطره خوراکی آهن) - یک سی‌سی | پیگیری در صورت عدم بهبود علائم
Session_Full_20260914_221934_3a66c4_ENC_04,Session_Full_20260914_221934_3a66c4,متخصص اطفال (Pediatrics),نوزاد / شیرخوار (زیر ۱ سال),00:42:49,01:26:03,43.23,198,"سرفه و تنفسی, آبریزش و احتقان, درد بالینی, مشکلات ادراری, مشکلات پوستی, پایش رشد و نوزاد, بی‌قراری و خواب","سفیکسیم, استامینوفن, دیفن‌هیدرامین, کتوتیفن, قطره پدی‌لاکت, قطره نیستاتین",عفونت تنفسی / برونشیولیت (Bronchiolitis / RTI) | اوتیت میانی / التهاب گوش (Otitis),"شکایت اصلی: سرفه و تنفسی, آبریزش و احتقان, درد بالینی, مشکلات ادراری, مشکلات پوستی, پایش رشد و نوزاد, بی‌قراری و خواب. اظهارات: می‌گم آخه قبل از این که این‌طور بود، خودتون چطور استفاده می‌کردید؟",عفونت تنفسی / برونشیولیت (Bronchiolitis / RTI) | اوتیت میانی / التهاب گوش (Otitis),نسخه درمانی: سفیکسیم (سوسپانسیون خوراکی (۱۰۰mg/5ml)) - هر دوازده ساعت | استامینوفن (قطره خوراکی / شربت) - هر دوازده ساعت | دیفن‌هیدرامین (شربت خوراکی) - دو سی‌سی | پیگیری در صورت عدم بهبود علائم
Session_Full_20260914_221934_3a66c4_ENC_05,Session_Full_20260914_221934_3a66c4,متخصص اطفال (Pediatrics),کودک / خردسال (۱ تا ۱۲ سال),01:38:45,01:54:14,15.48,107,,قطره موضعی / خوراکی,اوتیت میانی / التهاب گوش (Otitis),شکایت اصلی: پایش عمومی. اظهارات: خوش نشون تو از این لکچه آب میشه باید نداری اینجا,اوتیت میانی / التهاب گوش (Otitis),نسخه درمانی: قطره موضعی / خوراکی (قطره) - یک قاشق | پیگیری در صورت عدم بهبود علائم
Session_Full_20260914_225941_cc7f8e_ENC_01,Session_Full_20260914_225941_cc7f8e,متخصص اطفال (Pediatrics),نوزاد / شیرخوار (زیر ۱ سال),01:20:00,01:56:00,36.0,262,"تب, سرفه و تنفسی, آبریزش و احتقان, مشکلات گوارشی, مشکلات ادراری, مشکلات پوستی, پایش رشد و نوزاد","آزیترومایسین, استامینوفن, ایبوپروفن, دیفن‌هیدرامین, سیتریزین, سالبوتامول, اسومپرازول",عفونت ویروسی حاد (Viral Infection) | عفونت تنفسی / برونشیولیت (Bronchiolitis / RTI) | اوتیت میانی / التهاب گوش (Otitis),"شکایت اصلی: تب, سرفه و تنفسی, آبریزش و احتقان, مشکلات گوارشی, مشکلات ادراری, مشکلات پوستی, پایش رشد و نوزاد. اظهارات: باید بیشتر بررسی شود.",عفونت ویروسی حاد (Viral Infection) | عفونت تنفسی / برونشیولیت (Bronchiolitis / RTI) | اوتیت میانی / التهاب گوش (Otitis),نسخه درمانی: آزیترومایسین (سوسپانسیون خوراکی (۱۰۰/۲۰۰mg)) - هر دوازده ساعت | استامینوفن (قطره خوراکی / شربت) - روزی سه بار | ایبوپروفن (شربت سوسپانسیون (۱۰۰mg/5ml)) - هر دوازده ساعت | پیگیری در صورت عدم بهبود علائم
Session_Full_20260914_225941_cc7f8e_ENC_02,Session_Full_20260914_225941_cc7f8e,متخصص اطفال (Pediatrics),نوزاد / شیرخوار (زیر ۱ سال),01:57:00,02:15:02,18.03,107,"تب, مشکلات گوارشی, پایش رشد و نوزاد","آموکسی‌سیلین, کوآموکسی‌کلاو, قطره دایمتیکون",اوتیت میانی / التهاب گوش (Otitis),"شکایت اصلی: تب, مشکلات گوارشی, پایش رشد و نوزاد. اظهارات: نه نه نه نه",اوتیت میانی / التهاب گوش (Otitis),نسخه درمانی: آموکسی‌سیلین (سوسپانسیون خوراکی (۱۲۵/۲۵۰mg)) - هر دوازده ساعت | کوآموکسی‌کلاو (سوسپانسیون خوراکی) - هر دوازده ساعت | قطره دایمتیکون (قطره خوراکی ضد نفخ) - هر دوازده ساعت | پیگیری در صورت عدم بهبود علائم
Session_Full_20260914_225941_cc7f8e_ENC_03,Session_Full_20260914_225941_cc7f8e,متخصص اطفال (Pediatrics),نوزاد / شیرخوار (زیر ۱ سال),02:16:00,02:22:13,6.22,41,"مشکلات ادراری, پایش رشد و نوزاد, بی‌قراری و خواب",,معاینه عمومی و پایش علائم بالینی,"شکایت اصلی: مشکلات ادراری, پایش رشد و نوزاد, بی‌قراری و خواب. اظهارات: خدا رو شکر کنی که ما رو خدا داده بودم.",معاینه عمومی و پایش علائم بالینی,نسخه درمانی: توصیه‌های مراقبت بالینی عمومی | پیگیری در صورت عدم بهبود علائم
Session_Full_20260914_225941_cc7f8e_ENC_04,Session_Full_20260914_225941_cc7f8e,متخصص اطفال (Pediatrics),کودک / خردسال (۱ تا ۱۲ سال),02:22:59,02:34:36,11.63,57,"تب, پایش رشد و نوزاد",قطره پدی‌لاکت,معاینه عمومی و پایش علائم بالینی,"شکایت اصلی: تب, پایش رشد و نوزاد. اظهارات: ببین جنگ‌ها و از اینکه از آمریکا برنامه شیر نمی‌پرسن و بس برست ندارن.",معاینه عمومی و پایش علائم بالینی,نسخه درمانی: قطره پدی‌لاکت (قطره خوراکی پروبیوتیک) - یک قاشق | پیگیری در صورت عدم بهبود علائم
Session_Full_20260914_225941_cc7f8e_ENC_05,Session_Full_20260914_225941_cc7f8e,متخصص اطفال (Pediatrics),نوزاد / شیرخوار (زیر ۱ سال),02:35:42,03:23:47,48.09,297,"تب, سرفه و تنفسی, آبریزش و احتقان, مشکلات گوارشی, پایش رشد و نوزاد, بی‌قراری و خواب","آزیترومایسین, استامینوفن, ایبوپروفن, سالبوتامول, قطره پدی‌لاکت, قطره دایمتیکون, پماد هیدروکورتیزون",عفونت ویروسی حاد (Viral Infection) | عفونت تنفسی / برونشیولیت (Bronchiolitis / RTI) | اوتیت میانی / التهاب گوش (Otitis),"شکایت اصلی: تب, سرفه و تنفسی, آبریزش و احتقان, مشکلات گوارشی, پایش رشد و نوزاد, بی‌قراری و خواب. اظهارات: بیا اینجا، بیا برو جا بشین ببینم اندرهم خودمان را دوست داری؟ ببین خیلی مخلصم، هر کداممان را دوست داری و همون...",عفونت ویروسی حاد (Viral Infection) | عفونت تنفسی / برونشیولیت (Bronchiolitis / RTI) | اوتیت میانی / التهاب گوش (Otitis),نسخه درمانی: آزیترومایسین (سوسپانسیون خوراکی (۱۰۰/۲۰۰mg)) - دو سی‌سی | استامینوفن (قطره خوراکی / شربت) - دو سی‌سی | ایبوپروفن (شربت سوسپانسیون (۱۰۰mg/5ml)) - دو سی‌سی | پیگیری در صورت عدم بهبود علائم
Session_Full_20260914_225941_cc7f8e_ENC_06,Session_Full_20260914_225941_cc7f8e,متخصص اطفال (Pediatrics),نوزاد / شیرخوار (زیر ۱ سال),03:24:11,03:34:15,10.07,104,پایش رشد و نوزاد,,معاینه عمومی و پایش علائم بالینی,شکایت اصلی: پایش رشد و نوزاد. اظهارات: فلا باشه تو خدا شده خودی ای چونه دلن,معاینه عمومی و پایش علائم بالینی,نسخه درمانی: توصیه‌های مراقبت بالینی عمومی | پیگیری در صورت عدم بهبود علائم
Session_Full_20260914_225941_cc7f8e_ENC_07,Session_Full_20260914_225941_cc7f8e,متخصص اطفال (Pediatrics),نوزاد / شیرخوار (زیر ۱ سال),03:36:30,04:20:10,43.67,252,"تب, سرفه و تنفسی, آبریزش و احتقان, مشکلات گوارشی, مشکلات ادراری, مشکلات پوستی, پایش رشد و نوزاد","سیتریزین, قطره آهن (فروس سولفات), قطره مولتی‌ویتامین و آ+د",عفونت ویروسی حاد (Viral Infection) | عفونت تنفسی / برونشیولیت (Bronchiolitis / RTI) | اوتیت میانی / التهاب گوش (Otitis),"شکایت اصلی: تب, سرفه و تنفسی, آبریزش و احتقان, مشکلات گوارشی, مشکلات ادراری, مشکلات پوستی, پایش رشد و نوزاد. اظهارات: اما چی شده؟ درگوان حرف میکنه. چی شده مکان؟ خوبی؟",عفونت ویروسی حاد (Viral Infection) | عفونت تنفسی / برونشیولیت (Bronchiolitis / RTI) | اوتیت میانی / التهاب گوش (Otitis),نسخه درمانی: سیتریزین (شربت / قطره خوراکی) - هر دوازده ساعت | قطره آهن (فروس سولفات) (قطره خوراکی آهن) - هر دوازده ساعت | قطره مولتی‌ویتامین و آ+د (قطره خوراکی) - هر دوازده ساعت | پیگیری در صورت عدم بهبود علائم
Session_Full_20260915_001223_c4b355_ENC_01,Session_Full_20260915_001223_c4b355,متخصص اطفال (Pediatrics),کودک / خردسال (۱ تا ۱۲ سال),00:16:43,00:20:51,4.13,21,مشکلات پوستی,,معاینه عمومی و پایش علائم بالینی,شکایت اصلی: مشکلات پوستی. اظهارات: این کار را با اینکه باید بردارید. این کار را باید بردارید.,معاینه عمومی و پایش علائم بالینی,نسخه درمانی: توصیه‌های مراقبت بالینی عمومی | پیگیری در صورت عدم بهبود علائم
Session_Full_20260915_001223_c4b355_ENC_02,Session_Full_20260915_001223_c4b355,متخصص اطفال (Pediatrics),نوزاد / شیرخوار (زیر ۱ سال),01:18:19,01:31:31,13.21,84,"تب, سرفه و تنفسی, آبریزش و احتقان, پایش رشد و نوزاد","استامینوفن, ایبوپروفن, سیتریزین",عفونت تنفسی / برونشیولیت (Bronchiolitis / RTI),"شکایت اصلی: تب, سرفه و تنفسی, آبریزش و احتقان, پایش رشد و نوزاد. اظهارات: نه، نه، نه، نه. خب؟ آره، آره، آره.",عفونت تنفسی / برونشیولیت (Bronchiolitis / RTI),نسخه درمانی: استامینوفن (قطره خوراکی / شربت) - هر چهار ساعت | ایبوپروفن (شربت سوسپانسیون (۱۰۰mg/5ml)) - هر چهار ساعت | سیتریزین (شربت / قطره خوراکی) - هر چهار ساعت | پیگیری در صورت عدم بهبود علائم
Session_Full_20260915_001223_c4b355_ENC_03,Session_Full_20260915_001223_c4b355,متخصص اطفال (Pediatrics),نوزاد / شیرخوار (زیر ۱ سال),01:32:23,01:44:59,12.6,70,"تب, سرفه و تنفسی, آبریزش و احتقان, مشکلات گوارشی, پایش رشد و نوزاد","استامینوفن, شیاف استامینوفن, ایبوپروفن, شربت پلارژین کیدز, سیتریزین, سالبوتامول, امپرازول, اسومپرازول, فاموتیدین, قطره پدی‌لاکت, قطره مولتی‌ویتامین و آ+د",عفونت ویروسی حاد (Viral Infection) | ریفلاکس معده به مری نوزادی (GERD) | عفونت تنفسی / برونشیولیت (Bronchiolitis / RTI) | اوتیت میانی / التهاب گوش (Otitis),"شکایت اصلی: تب, سرفه و تنفسی, آبریزش و احتقان, مشکلات گوارشی, پایش رشد و نوزاد. اظهارات: الان یازده ماه و پنج‌شش روزه شده",عفونت ویروسی حاد (Viral Infection) | ریفلاکس معده به مری نوزادی (GERD) | عفونت تنفسی / برونشیولیت (Bronchiolitis / RTI) | اوتیت میانی / التهاب گوش (Otitis),نسخه درمانی: استامینوفن (قطره خوراکی / شربت) - هر دوازده ساعت | شیاف استامینوفن (شیاف اطفال (۱۲۵mg / ۳۲۵mg)) - هر چهار ساعت | ایبوپروفن (شربت سوسپانسیون (۱۰۰mg/5ml)) - دو سی‌سی | پیگیری در صورت عدم بهبود علائم
Session_Full_20260915_001223_c4b355_ENC_04,Session_Full_20260915_001223_c4b355,متخصص اطفال (Pediatrics),نوزاد / شیرخوار (زیر ۱ سال),01:45:20,03:08:23,83.06,523,"تب, سرفه و تنفسی, درد بالینی, مشکلات گوارشی, مشکلات ادراری, مشکلات پوستی, پایش رشد و نوزاد, بی‌قراری و خواب","استامینوفن, ایبوپروفن, شربت پلارژین کیدز, سیتریزین, سالبوتامول, قطره پدی‌لاکت, شربت گریپ واتر, قطره دایمتیکون",عفونت ویروسی حاد (Viral Infection) | ریفلاکس معده به مری نوزادی (GERD) | عفونت تنفسی / برونشیولیت (Bronchiolitis / RTI) | اوتیت میانی / التهاب گوش (Otitis),"شکایت اصلی: تب, سرفه و تنفسی, درد بالینی, مشکلات گوارشی, مشکلات ادراری, مشکلات پوستی, پایش رشد و نوزاد, بی‌قراری و خواب. اظهارات: باش، باش، باش، آها اشکال نداره می‌ماند اصلا فردا بیا دیگه، آره دیگه الان دیگه فردا چیز نشده باشه فردا بیا باشه آخه باز در زدن برگشتن فایده نداره، فایده نداره من فکر کنم که مالیکه‌ت‌ش قرار داره، بله چرا؟ بخشید با ما بگو بچه همه بابا شد بگیم یک بابایی جایی بچه بگو.",عفونت ویروسی حاد (Viral Infection) | ریفلاکس معده به مری نوزادی (GERD) | عفونت تنفسی / برونشیولیت (Bronchiolitis / RTI) | اوتیت میانی / التهاب گوش (Otitis),نسخه درمانی: استامینوفن (قطره خوراکی / شربت) - هر چهار ساعت | ایبوپروفن (شربت سوسپانسیون (۱۰۰mg/5ml)) - هر چهار ساعت | شربت پلارژین کیدز (شربت عصاره پلارگونیوم) - روزی دو بار | پیگیری در صورت عدم بهبود علائم
Session_Full_20260915_001223_c4b355_ENC_05,Session_Full_20260915_001223_c4b355,متخصص اطفال (Pediatrics),نوزاد / شیرخوار (زیر ۱ سال),03:10:00,03:24:43,14.72,64,"تب, سرفه و تنفسی, مشکلات گوارشی, پایش رشد و نوزاد","استامینوفن, ایبوپروفن, شربت پلارژین کیدز",عفونت ویروسی حاد (Viral Infection) | عفونت تنفسی / برونشیولیت (Bronchiolitis / RTI),"شکایت اصلی: تب, سرفه و تنفسی, مشکلات گوارشی, پایش رشد و نوزاد. اظهارات: باید باید باید...",عفونت ویروسی حاد (Viral Infection) | عفونت تنفسی / برونشیولیت (Bronchiolitis / RTI),نسخه درمانی: استامینوفن (قطره خوراکی / شربت) - هر دو ساعت دو سی‌سی | ایبوپروفن (شربت سوسپانسیون (۱۰۰mg/5ml)) - هر دو ساعت دو سی‌سی | شربت پلارژین کیدز (شربت عصاره پلارگونیوم) - هر هشت ساعت | پیگیری در صورت عدم بهبود علائم
Session_Full_20260915_001223_c4b355_ENC_06,Session_Full_20260915_001223_c4b355,متخصص اطفال (Pediatrics),نوزاد / شیرخوار (زیر ۱ سال),03:25:30,03:41:33,16.05,85,"تب, سرفه و تنفسی, پایش رشد و نوزاد",شربت خوراکی اطفال,عفونت تنفسی / برونشیولیت (Bronchiolitis / RTI),"شکایت اصلی: تب, سرفه و تنفسی, پایش رشد و نوزاد. اظهارات: خدای شما چیز شده؟ برسید شما خوبی؟",عفونت تنفسی / برونشیولیت (Bronchiolitis / RTI),نسخه درمانی: شربت خوراکی اطفال (شربت خوراکی) - دو سی‌سی | پیگیری در صورت عدم بهبود علائم
Session_Full_20260915_001223_c4b355_ENC_07,Session_Full_20260915_001223_c4b355,متخصص اطفال (Pediatrics),نوزاد / شیرخوار (زیر ۱ سال),03:42:38,03:59:01,16.39,115,"تب, پایش رشد و نوزاد",,معاینه عمومی و پایش علائم بالینی,"شکایت اصلی: تب, پایش رشد و نوزاد. اظهارات: آره، آره",معاینه عمومی و پایش علائم بالینی,نسخه درمانی: توصیه‌های مراقبت بالینی عمومی | پیگیری در صورت عدم بهبود علائم
Session_Full_20260915_001223_c4b355_ENC_08,Session_Full_20260915_001223_c4b355,متخصص اطفال (Pediatrics),نوزاد / شیرخوار (زیر ۱ سال),04:06:30,04:37:54,31.4,230,"تب, سرفه و تنفسی, مشکلات گوارشی, مشکلات ادراری, مشکلات پوستی, پایش رشد و نوزاد, بی‌قراری و خواب","ایبوپروفن, قطره پدی‌لاکت, شربت گریپ واتر, قطره دایمتیکون, قطره آهن (فروس سولفات)",عفونت ویروسی حاد (Viral Infection) | عفونت تنفسی / برونشیولیت (Bronchiolitis / RTI) | اوتیت میانی / التهاب گوش (Otitis),"شکایت اصلی: تب, سرفه و تنفسی, مشکلات گوارشی, مشکلات ادراری, مشکلات پوستی, پایش رشد و نوزاد, بی‌قراری و خواب. اظهارات: بپسن.",عفونت ویروسی حاد (Viral Infection) | عفونت تنفسی / برونشیولیت (Bronchiolitis / RTI) | اوتیت میانی / التهاب گوش (Otitis),نسخه درمانی: ایبوپروفن (شربت سوسپانسیون (۱۰۰mg/5ml)) - پنج قطره | قطره پدی‌لاکت (قطره خوراکی پروبیوتیک) - پنج قطره | شربت گریپ واتر (شربت خوراکی) - پنج قطره | پیگیری در صورت عدم بهبود علائم
Session_Full_20260915_025558_5d90b7_ENC_01,Session_Full_20260915_025558_5d90b7,متخصص اطفال (Pediatrics),نوزاد / شیرخوار (زیر ۱ سال),01:20:30,01:40:23,19.88,127,"تب, سرفه و تنفسی, آبریزش و احتقان, مشکلات ادراری, مشکلات پوستی","استامینوفن, شربت پلارژین کیدز, نئوتادین, سالبوتامول",عفونت مجاری ادراری (UTI) | عفونت تنفسی / برونشیولیت (Bronchiolitis / RTI) | اوتیت میانی / التهاب گوش (Otitis),"شکایت اصلی: تب, سرفه و تنفسی, آبریزش و احتقان, مشکلات ادراری, مشکلات پوستی. اظهارات: ای وای، براش چی دم کنم؟ ببینید، چای طعم داره؟",عفونت مجاری ادراری (UTI) | عفونت تنفسی / برونشیولیت (Bronchiolitis / RTI) | اوتیت میانی / التهاب گوش (Otitis),نسخه درمانی: استامینوفن (قطره خوراکی / شربت) - هر چهار ساعت | شربت پلارژین کیدز (شربت عصاره پلارگونیوم) - هر چهار ساعت | نئوتادین (شربت خوراکی) - هر چهار ساعت | پیگیری در صورت عدم بهبود علائم
Session_Full_20260915_025558_5d90b7_ENC_02,Session_Full_20260915_025558_5d90b7,متخصص اطفال (Pediatrics),نوزاد / شیرخوار (زیر ۱ سال),01:41:00,02:05:59,25.0,137,"تب, سرفه و تنفسی, مشکلات گوارشی, پایش رشد و نوزاد",ایبوپروفن,عفونت ویروسی حاد (Viral Infection) | عفونت تنفسی / برونشیولیت (Bronchiolitis / RTI),"شکایت اصلی: تب, سرفه و تنفسی, مشکلات گوارشی, پایش رشد و نوزاد. اظهارات: از دیروز، یعنی پریروز می‌گم، اینجا سینه‌م رو به‌سایم ورم کرد، بعد همون شبش دیگه کل سینه‌م ورم کرد؛ تو دیروز رفتم دکتر، خمورت‌انصافی عکس فرستاد، من بفهمیدم چیز باشه نباید بچه‌ها شیر بدن، عکس فرستاد، اینو گفتم اون فونت کرد، بعد اینو هم رو شیر دادم، یعنی دادم مصرف نکردم، شیر دادم بهش، این‌که این شبش خوب شدیدی، ستری‌اش ولی شکم لیا، بگو ادباسه‌ی دهن لیا برد، ولی شکمش از ایروس خوب سبز شد، خیلی تیره، خیلی تیره، اصلاً لجنی این بلون شل و خیلی هم از درون بی‌قراری داره این کانی، از ایروس کلاً بی‌قراری.",عفونت ویروسی حاد (Viral Infection) | عفونت تنفسی / برونشیولیت (Bronchiolitis / RTI),نسخه درمانی: ایبوپروفن (شربت سوسپانسیون (۱۰۰mg/5ml)) - روزی دوبار | پیگیری در صورت عدم بهبود علائم
Session_Full_20260915_025558_5d90b7_ENC_03,Session_Full_20260915_025558_5d90b7,متخصص اطفال (Pediatrics),نوزاد / شیرخوار (زیر ۱ سال),02:06:54,03:00:59,54.08,341,"تب, سرفه و تنفسی, آبریزش و احتقان, مشکلات گوارشی, پایش رشد و نوزاد, بی‌قراری و خواب","استامینوفن, ایبوپروفن, سالبوتامول, فاموتیدین, قطره آهن (فروس سولفات)",عفونت ویروسی حاد (Viral Infection) | عفونت تنفسی / برونشیولیت (Bronchiolitis / RTI) | اوتیت میانی / التهاب گوش (Otitis),"شکایت اصلی: تب, سرفه و تنفسی, آبریزش و احتقان, مشکلات گوارشی, پایش رشد و نوزاد, بی‌قراری و خواب. اظهارات: بفرماییم سلام",عفونت ویروسی حاد (Viral Infection) | عفونت تنفسی / برونشیولیت (Bronchiolitis / RTI) | اوتیت میانی / التهاب گوش (Otitis),نسخه درمانی: استامینوفن (قطره خوراکی / شربت) - هر دو ساعت دو پاف | ایبوپروفن (شربت سوسپانسیون (۱۰۰mg/5ml)) - هر دو ساعت دو پاف | سالبوتامول (شربت / اسپری استنشاقی) - هر دو ساعت دو پاف | پیگیری در صورت عدم بهبود علائم
Session_Full_20260915_025558_5d90b7_ENC_04,Session_Full_20260915_025558_5d90b7,متخصص اطفال (Pediatrics),نوزاد / شیرخوار (زیر ۱ سال),03:05:59,03:19:21,13.38,150,"تب, سرفه و تنفسی, آبریزش و احتقان, مشکلات گوارشی, مشکلات ادراری, پایش رشد و نوزاد","استامینوفن, نئوتادین",عفونت ویروسی حاد (Viral Infection) | عفونت تنفسی / برونشیولیت (Bronchiolitis / RTI) | اوتیت میانی / التهاب گوش (Otitis),"شکایت اصلی: تب, سرفه و تنفسی, آبریزش و احتقان, مشکلات گوارشی, مشکلات ادراری, پایش رشد و نوزاد. اظهارات: آره چهارده تا شده",عفونت ویروسی حاد (Viral Infection) | عفونت تنفسی / برونشیولیت (Bronchiolitis / RTI) | اوتیت میانی / التهاب گوش (Otitis),نسخه درمانی: استامینوفن (قطره خوراکی / شربت) - یک سی‌سی | نئوتادین (شربت خوراکی) - ده قطره | پیگیری در صورت عدم بهبود علائم
Session_Full_20260915_025558_5d90b7_ENC_05,Session_Full_20260915_025558_5d90b7,متخصص اطفال (Pediatrics),نوزاد / شیرخوار (زیر ۱ سال),03:21:21,04:00:59,39.64,251,"تب, سرفه و تنفسی, آبریزش و احتقان, درد بالینی, مشکلات گوارشی, پایش رشد و نوزاد","استامینوفن, شربت پلارژین کیدز, دیفن‌هیدرامین, سیتریزین, نئوتادین, سالبوتامول, پودر پیدرولاکس",عفونت ویروسی حاد (Viral Infection) | عفونت تنفسی / برونشیولیت (Bronchiolitis / RTI) | اوتیت میانی / التهاب گوش (Otitis),"شکایت اصلی: تب, سرفه و تنفسی, آبریزش و احتقان, درد بالینی, مشکلات گوارشی, پایش رشد و نوزاد. اظهارات: حالا بذار ما این‌جش کنیم که دیگه قراره ببینیم که ریه‌ش چیزی نشده باشه.",عفونت ویروسی حاد (Viral Infection) | عفونت تنفسی / برونشیولیت (Bronchiolitis / RTI) | اوتیت میانی / التهاب گوش (Otitis),نسخه درمانی: استامینوفن (قطره خوراکی / شربت) - هر ۴ ساعت ۵ سی‌سی | شربت پلارژین کیدز (شربت عصاره پلارگونیوم) - هر ۱۲ ساعت | دیفن‌هیدرامین (شربت خوراکی) - هر ۱۲ ساعت | پیگیری در صورت عدم بهبود علائم
